$date
	Tue Sep 08 12:16:06 2026
$end
$version
	Icarus Verilog
$end
$timescale
	1s
$end
$scope module tb $end
$var reg 16 ! currentIn [15:0] $end
$upscope $end
$scope module tb $end
$var wire 16 " out [15:0] $end
$upscope $end
$scope module tb $end
$var reg 1 # clk $end
$upscope $end
$scope module tb $end
$var reg 1 $ reset $end
$upscope $end
$scope module tb $end
$var reg 1 % switch $end
$upscope $end
$scope module tb $end
$var reg 1 & update_cycle $end
$upscope $end
$scope module tb $end
$scope module Network1 $end
$var wire 1 ' yeet $end
$upscope $end
$upscope $end
$enddefinitions $end
$comment Show the parameter values. $end
$dumpall
$end
#0
$dumpvars
x'
0&
x%
1$
0#
bx "
bx !
$end
#3
0'
1%
b1111111110100110 !
b0 "
1&
1#
#4
0$
#6
0&
0#
#9
b1111111111011010 !
bx "
1&
1#
#12
0&
0#
#15
b1111111110110000 !
b0 "
1&
1#
#18
0&
0#
#21
b1111111100101010 !
1&
1#
#24
0&
0#
#27
b1111111110110101 !
1&
1#
#30
0&
0#
#33
b1111111111011011 !
1&
1#
#36
0&
0#
#39
b1111111111011100 !
1&
1#
#42
0&
0#
#45
b1111111101011101 !
1&
1#
#48
0&
0#
#51
1&
1#
#54
0&
0#
#57
b1111111101011111 !
1&
1#
#60
0&
0#
#63
b1111111101101011 !
1&
1#
#66
0&
0#
#69
b1111111110000000 !
b100010 "
1&
1#
#72
0&
0#
#75
b1111111101000011 !
1&
1#
#78
0&
0#
#81
1&
1#
#84
0&
0#
#87
b1111111101000000 !
b0 "
1&
1#
#90
0&
0#
#93
b1111111101001100 !
b100010 "
1&
1#
#96
0&
0#
#99
b1111111100101011 !
b0 "
1&
1#
#102
0&
0#
#105
b1111111100110100 !
b100010 "
1&
1#
#108
0&
0#
#111
b1111111100110101 !
1&
1#
#114
0&
0#
#117
b1111111100100100 !
1&
1#
#120
0&
0#
#123
b1111111100101010 !
1&
1#
#126
0&
0#
#129
b1111111100101000 !
1&
1#
#132
0&
0#
#135
1&
1#
#138
0&
0#
#141
b1111111100101101 !
1&
1#
#144
0&
0#
#147
b1111111100100011 !
1&
1#
#150
0&
0#
#153
b1111111100100100 !
1&
1#
#156
0&
0#
#159
b1111111100101110 !
1&
1#
#162
0&
0#
#165
b1111111100100110 !
1&
1#
#168
0&
0#
#171
b1111111100110111 !
1&
1#
#174
0&
0#
#177
b1111111101010100 !
1&
1#
#180
0&
0#
#183
b1111111110101111 !
1&
1#
#186
0&
0#
#189
b1111111110100100 !
1&
1#
#192
0&
0#
#195
b1111111110111001 !
1&
1#
#198
0&
0#
#201
b1111111111011100 !
1&
1#
#204
0&
0#
#207
b100100 !
1&
1#
#210
0&
0#
#213
b10011110 !
1&
1#
#216
0&
0#
#219
b11001001 !
b10110 "
1&
1#
#222
0&
0#
#225
b100001000 !
b100010 "
1&
1#
#228
0&
0#
#231
b100000110 !
b10110 "
1&
1#
#234
0&
0#
#237
b100010011 !
1&
1#
#240
0&
0#
#243
b110100000 !
1&
1#
#246
0&
0#
#249
b110111010 !
b100010 "
1&
1#
#252
0&
0#
#255
b101000011 !
b10110 "
1&
1#
#258
0&
0#
#261
b111101110 !
1&
1#
#264
0&
0#
#267
b101100001 !
1&
1#
#270
0&
0#
#273
b1100010100 !
b100010 "
1&
1#
#276
0&
0#
#279
b1000010101 !
b10110 "
1&
1#
#282
0&
0#
#285
b100001000111 !
b100010 "
1&
1#
#288
0&
0#
#291
b1111110101010011 !
b10110 "
1&
1#
#294
0&
0#
#297
b10110001010 !
b100010 "
1&
1#
#300
0&
0#
#303
b1111111111010001 !
b10110 "
1&
1#
#306
0&
0#
#309
b1110000110 !
b100010 "
1&
1#
#312
0&
0#
#315
b1101110 !
b10110 "
1&
1#
#318
0&
0#
#321
b100101101 !
b100010 "
1&
1#
#324
0&
0#
#327
b11100 !
b10110 "
1&
1#
#330
0&
0#
#333
b1111111111110010 !
1&
1#
#336
0&
0#
#339
b1111111110101000 !
1&
1#
#342
0&
0#
#345
b1111111110101100 !
b10111 "
1&
1#
#348
0&
0#
#351
b1111111101011101 !
b10110 "
1&
1#
#354
0&
0#
#357
b1111111101100111 !
b11010 "
1&
1#
#360
0&
0#
#363
b1111111101010000 !
b10110 "
1&
1#
#366
0&
0#
#369
b1111111100111010 !
b1010 "
1&
1#
#372
0&
0#
#375
b1111111100111110 !
b10110 "
1&
1#
#378
0&
0#
#381
b1111111100110101 !
b1010 "
1&
1#
#384
0&
0#
#387
b1111111100101011 !
b10110 "
1&
1#
#390
0&
0#
#393
b1111111100110001 !
b1110 "
1&
1#
#396
0&
0#
#399
b1111111100101100 !
b11000 "
1&
1#
#402
0&
0#
#405
b1111111100110110 !
b101001 "
1&
1#
#408
0&
0#
#411
b1111111101000100 !
b1000110 "
1&
1#
#414
0&
0#
#417
b1111111110011010 !
b1001001 "
1&
1#
#420
0&
0#
#423
b1110 !
b1011111 "
1&
1#
#426
0&
0#
#429
b100111 !
b10100001 "
1&
1#
#432
0&
0#
#435
1'
b1100100 !
b10000101 "
1&
1#
#438
0&
0#
#441
b100000001 !
b1011010 "
1&
1#
#444
0&
0#
#447
b100000101 !
b1000101 "
1&
1#
#450
0&
0#
#453
b100010010 !
b1001110 "
1&
1#
#456
0&
0#
#459
b101100001 !
b1011111 "
1&
1#
#462
0&
0#
#465
b10010001 !
b111011 "
1&
1#
#468
0&
0#
#471
b10000000 !
b100010 "
1&
1#
#474
0&
0#
#477
b110001010 !
b110100 "
1&
1#
#480
0&
0#
#483
b10100 !
b10000001 "
1&
1#
#486
0&
0#
#489
b110111 !
b1010010 "
1&
1#
#492
0&
0#
#495
b1111111111101100 !
b10011101 "
1&
1#
#498
0&
0#
#501
b101010 !
b10001010 "
1&
1#
#504
0&
0#
#507
b1111111111000111 !
b1101110 "
1&
1#
#510
0&
0#
#513
b1111111101110111 !
b10111000 "
1&
1#
#516
0&
0#
#519
b1111111101100001 !
b11111011 "
1&
1#
#522
0&
0#
#525
b1111111101100000 !
b100001111 "
1&
1#
#528
0&
0#
#531
b1111111101010100 !
b11001010 "
1&
1#
#534
0&
0#
#537
b1111111101000000 !
b11100011 "
1&
1#
#540
0&
0#
#543
b1111111100110110 !
b11011101 "
1&
1#
#546
0&
0#
#549
b100100001 "
1&
1#
#552
0&
0#
#555
b100110100 "
1&
1#
#558
0&
0#
#561
b1111111100111100 !
b100010110 "
1&
1#
#564
0&
0#
#567
b1111111110101011 !
b100001111 "
1&
1#
#570
0&
0#
#573
b1000011 !
b100001101 "
1&
1#
#576
0&
0#
#579
b1000101 !
b100101001 "
1&
1#
#582
0&
0#
#585
b10101100 !
b100011110 "
1&
1#
#588
0&
0#
#591
b100100011 !
b100111000 "
1&
1#
#594
0&
0#
#597
b11101110 !
b100100011 "
1&
1#
#600
0&
0#
#603
b11011100 !
b100010000 "
1&
1#
#606
0&
0#
#609
b11110111 !
b100010110 "
1&
1#
#612
0&
0#
#615
b10111001 !
b100000110 "
1&
1#
#618
0&
0#
#621
b1010000 !
b11101011 "
1&
1#
#624
0&
0#
#627
b1111111111001111 !
b11011101 "
1&
1#
#630
0&
0#
#633
b1111111110101011 !
b10111111 "
1&
1#
#636
0&
0#
#639
b1111111101101001 !
b10100000 "
1&
1#
#642
0&
0#
#645
b1111111101111010 !
b1011100 "
1&
1#
#648
0&
0#
#651
b1111111101010001 !
b110101 "
1&
1#
#654
0&
0#
#657
b1111111101000010 !
b1111111111101001 "
1&
1#
#660
0&
0#
#663
b1111111101000011 !
b1111111110111111 "
1&
1#
#666
0&
0#
#669
b1111111101000110 !
b1111111110101010 "
1&
1#
#672
0&
0#
#675
b1111111101001010 !
b1111111101000001 "
1&
1#
#678
0&
0#
#681
b1111111110111001 !
b1111111011111011 "
1&
1#
#684
0&
0#
#687
b100 !
b1111111010100110 "
1&
1#
#690
0&
0#
#693
b1111111111110001 !
b1111111010101001 "
1&
1#
#696
0&
0#
#699
b1110000 !
b1111111010001001 "
1&
1#
#702
0&
0#
#705
b11011110 !
b1111111001100000 "
1&
1#
#708
0&
0#
#711
b100111110 !
b1111111000100010 "
1&
1#
#714
0&
0#
#717
b11111010 !
b1111110111110001 "
1&
1#
#720
0&
0#
#723
b1111111111101011 !
b1111110110100000 "
1&
1#
#726
0&
0#
#729
b101100 !
b1111111010011110 "
1&
1#
#732
0&
0#
#735
b111100 !
b1111110011000110 "
1&
1#
#738
0&
0#
#741
b1111111111101011 !
b1111111010010111 "
1&
1#
#744
0&
0#
#747
b1111111110011010 !
b1111101001111010 "
1&
1#
#750
0&
0#
#753
b1111111101111101 !
b1111111010111111 "
1&
1#
#756
0&
0#
#759
b1111111101110000 !
b1111100111010001 "
1&
1#
#762
0&
0#
#765
b1111111101101001 !
b1111111110011001 "
1&
1#
#768
0&
0#
#771
b1111111101001110 !
b1111110001011110 "
1&
1#
#774
0&
0#
#777
b1111111101100001 !
b1111111001110111 "
1&
1#
#780
0&
0#
#783
b1111111110101100 !
b1111110011100101 "
1&
1#
#786
0&
0#
#789
b11000 !
b1111111101101100 "
1&
1#
#792
0&
0#
#795
b101101 !
b1111111100111100 "
1&
1#
#798
0&
0#
#801
b1111010 !
b11 "
1&
1#
#804
0&
0#
#807
b11100101 !
b11110110 "
1&
1#
#810
0&
0#
#813
b11110110 !
b10000001 "
1&
1#
#816
0&
0#
#819
b111000 !
b11011000 "
1&
1#
#822
0&
0#
#825
b1111111111011100 !
b101111111 "
1&
1#
#828
0&
0#
#831
b11 !
b100000001 "
1&
1#
#834
0&
0#
#837
b1111111111001111 !
b100111101 "
1&
1#
#840
0&
0#
#843
b1111111110100001 !
b11110101 "
1&
1#
#846
0&
0#
#849
b1111111101101100 !
b100001010 "
1&
1#
#852
0&
0#
#855
b1111111101110100 !
b11000100 "
1&
1#
#858
0&
0#
#861
b1111111110010000 !
b10110001 "
1&
1#
#864
0&
0#
#867
b1111111110101000 !
b10010100 "
1&
1#
#870
0&
0#
#873
b1111111110110001 !
b1100000 "
1&
1#
#876
0&
0#
#879
b110001 !
b10000 "
1&
1#
#882
0&
0#
#885
b10110010 !
b1111111111010101 "
1&
1#
#888
0&
0#
#891
b1111101 !
b1111111101111010 "
1&
1#
#894
0&
0#
#897
b1111010 !
b1111111100100000 "
1&
1#
#900
0&
0#
#903
b11000101 !
b1111111011111000 "
1&
1#
#906
0&
0#
#909
b1100001 !
b1111111011101001 "
1&
1#
#912
0&
0#
#915
b1111111111100100 !
b1111111010111001 "
1&
1#
#918
0&
0#
#921
b1111111111101010 !
b1111111010111010 "
1&
1#
#924
0&
0#
#927
b1111111110110001 !
b1111111011110111 "
1&
1#
#930
0&
0#
#933
b1111111101100011 !
b1111111100111001 "
1&
1#
#936
0&
0#
#939
b1111111101110001 !
b1111111100000001 "
1&
1#
#942
0&
0#
#945
b1111111110101011 !
b1111111110101010 "
1&
1#
#948
0&
0#
#951
b1111111110011101 !
b1111111101011011 "
1&
1#
#954
0&
0#
#957
b0 !
b11100 "
1&
1#
#960
0&
0#
#963
b1001100 !
b1110101 "
1&
1#
#966
0&
0#
#969
b10110101 !
b10000111 "
1&
1#
#972
0&
0#
#975
b10001001 !
b1111011 "
1&
1#
#978
0&
0#
#981
b1101110 !
b11011011 "
1&
1#
#984
0&
0#
#987
b1110011 !
b100011001 "
1&
1#
#990
0&
0#
#993
b111101 !
b100000001 "
1&
1#
#996
0&
0#
#999
b100110 !
b100010111 "
1&
1#
#1002
0&
0#
#1005
b1111111110100101 !
b11010001 "
1&
1#
#1008
0&
0#
#1011
b1111111101111100 !
b10001110 "
1&
1#
#1014
0&
0#
#1017
b1111111110100010 !
b10100111 "
1&
1#
#1020
0&
0#
#1023
b1111111111010110 !
b1011110 "
1&
1#
#1026
0&
0#
#1029
b1111111111100010 !
b100 "
1&
1#
#1032
0&
0#
#1035
b10001100 !
b1111111110100000 "
1&
1#
#1038
0&
0#
#1041
b10000000 !
b1111111101100100 "
1&
1#
#1044
0&
0#
#1047
b101111 !
b1111111011101011 "
1&
1#
#1050
0&
0#
#1053
b1011110 !
b1111111011010111 "
1&
1#
#1056
0&
0#
#1059
b1101010 !
b1111111011111110 "
1&
1#
#1062
0&
0#
#1065
b111 !
b1111111011110001 "
1&
1#
#1068
0&
0#
#1071
b1111111111010011 !
b1111111100111101 "
1&
1#
#1074
0&
0#
#1077
b1111111110111011 !
b1111111101111001 "
1&
1#
#1080
0&
0#
#1083
b1111111110010110 !
b1111111110111111 "
1&
1#
#1086
0&
0#
#1089
b1111111110100010 !
b100111 "
1&
1#
#1092
0&
0#
#1095
b1000010 !
b10001101 "
1&
1#
#1098
0&
0#
#1101
b1111111111111100 !
b11011010 "
1&
1#
#1104
0&
0#
#1107
b111101 !
b11011111 "
1&
1#
#1110
0&
0#
#1113
b10110000 !
b11110000 "
1&
1#
#1116
0&
0#
#1119
b1001110 !
b11010010 "
1&
1#
#1122
0&
0#
#1125
b101001 !
b10101111 "
1&
1#
#1128
0&
0#
#1131
b1111111111110011 !
b10110011 "
1&
1#
#1134
0&
0#
#1137
b10001111 !
b1110001 "
1&
1#
#1140
0&
0#
#1143
b11001 !
b110 "
1&
1#
#1146
0&
0#
#1149
b1111111110001100 !
b1111111110111010 "
1&
1#
#1152
0&
0#
#1155
b1111111110011101 !
b1111111110010000 "
1&
1#
#1158
0&
0#
#1161
b100 !
b1111111101001010 "
1&
1#
#1164
0&
0#
#1167
b11001 !
b1111111100110101 "
1&
1#
#1170
0&
0#
#1173
b111111 !
b1111111100011011 "
1&
1#
#1176
0&
0#
#1179
b10101110 !
b1111111011111001 "
1&
1#
#1182
0&
0#
#1185
b1110001 !
b1111111101110100 "
1&
1#
#1188
0&
0#
#1191
b11010111 !
b1111111110111110 "
1&
1#
#1194
0&
0#
#1197
b10100 !
b111100 "
1&
1#
#1200
0&
0#
#1203
b10000110 !
b1011001 "
1&
1#
#1206
0&
0#
#1209
b110010 !
b1010011 "
1&
1#
#1212
0&
0#
#1215
b1111111110110000 !
b10010001 "
1&
1#
#1218
0&
0#
#1221
b1111111110101110 !
b11100010 "
1&
1#
#1224
0&
0#
#1227
b1111111111111101 !
b11001110 "
1&
1#
#1230
0&
0#
#1233
b1110111 !
b10011000 "
1&
1#
#1236
0&
0#
#1239
b10000011 !
b1011010 "
1&
1#
#1242
0&
0#
#1245
b11110111 !
b0 "
1&
1#
#1248
0&
0#
#1251
b1110111 !
b1111111111000111 "
1&
1#
#1254
0&
0#
#1257
b1100010 !
b1111111111000010 "
1&
1#
#1260
0&
0#
#1263
b100011 !
b1111111101011000 "
1&
1#
#1266
0&
0#
#1269
b111001 !
b1111111100111111 "
1&
1#
#1272
0&
0#
#1275
b1011 !
b1111111101000111 "
1&
1#
#1278
0&
0#
#1281
b1111111110010010 !
b1111111101110011 "
1&
1#
#1284
0&
0#
#1287
b10000000 !
b1111111111100101 "
1&
1#
#1290
0&
0#
#1293
b10011010 !
b110011 "
1&
1#
#1296
0&
0#
#1299
b1100110 !
b1110100 "
1&
1#
#1302
0&
0#
#1305
b100010000 !
b1010101 "
1&
1#
#1308
0&
0#
#1311
b10110000 !
b1110001 "
1&
1#
#1314
0&
0#
#1317
b1110100 !
b10001100 "
1&
1#
#1320
0&
0#
#1323
b1110010 !
b1110100 "
1&
1#
#1326
0&
0#
#1329
b110001 !
b1010110 "
1&
1#
#1332
0&
0#
#1335
b1111111111001111 !
b101 "
1&
1#
#1338
0&
0#
#1341
b10110 !
b1111111110100001 "
1&
1#
#1344
0&
0#
#1347
b100 !
b1111111101100010 "
1&
1#
#1350
0&
0#
#1353
b10101000 !
b1111111101111010 "
1&
1#
#1356
0&
0#
#1359
b111101 !
b1111111101010111 "
1&
1#
#1362
0&
0#
#1365
b11001010 !
b1111111101110110 "
1&
1#
#1368
0&
0#
#1371
b1010 !
b1111111111000111 "
1&
1#
#1374
0&
0#
#1377
b1010101 !
b1111111111101000 "
1&
1#
#1380
0&
0#
#1383
b11100 !
b100001 "
1&
1#
#1386
0&
0#
#1389
b1111111111110001 !
b1101011 "
1&
1#
#1392
0&
0#
#1395
b101110 !
b10000101 "
1&
1#
#1398
0&
0#
#1401
b1000001 !
b1011001 "
1&
1#
#1404
0&
0#
#1407
b10010000 !
b1001100 "
1&
1#
#1410
0&
0#
#1413
b1011110 !
b1001000 "
1&
1#
#1416
0&
0#
#1419
b1101110 !
b1111111111011110 "
1&
1#
#1422
0&
0#
#1425
b100001 !
b1111111110111011 "
1&
1#
#1428
0&
0#
#1431
b1011101 !
b1111111101100010 "
1&
1#
#1434
0&
0#
#1437
b1111111111000001 !
b1111111101001101 "
1&
1#
#1440
0&
0#
#1443
b1111111111001010 !
b1111111101110101 "
1&
1#
#1446
0&
0#
#1449
b1110001 !
b1111111110100001 "
1&
1#
#1452
0&
0#
#1455
b10011111 !
b1111111111011010 "
1&
1#
#1458
0&
0#
#1461
b101001 !
b1111111111011100 "
1&
1#
#1464
0&
0#
#1467
b1111111111001111 !
b100001 "
1&
1#
#1470
0&
0#
#1473
b101010 !
b101000 "
1&
1#
#1476
0&
0#
#1479
b101101 !
b1000101 "
1&
1#
#1482
0&
0#
#1485
b11011 !
b111001 "
1&
1#
#1488
0&
0#
#1491
b1111111110100001 !
b1011 "
1&
1#
#1494
0&
0#
#1497
b1111111110101111 !
b1111111110011010 "
1&
1#
#1500
0&
0#
#1503
b1011010 !
b1111111110010011 "
1&
1#
#1506
0&
0#
#1509
b101001 !
b1111111110010000 "
1&
1#
#1512
0&
0#
#1515
b1111111111001110 !
b1111111110010011 "
1&
1#
#1518
0&
0#
#1521
b1111111110010101 !
b1111111111011100 "
1&
1#
#1524
0&
0#
#1527
b1111111111001100 !
b1111111111011110 "
1&
1#
#1530
0&
0#
#1533
b1111111111001001 !
b1111111111011111 "
1&
1#
#1536
0&
0#
#1539
b1111111110000010 !
b100101 "
1&
1#
#1542
0&
0#
#1545
b1111111101101010 !
b111100 "
1&
1#
#1548
0&
0#
#1551
b1111111101101110 !
b110100 "
1&
1#
#1554
0&
0#
#1557
b1111111111000110 !
b1111111111100100 "
1&
1#
#1560
0&
0#
#1563
b1111111111000100 !
b1011 "
1&
1#
#1566
0&
0#
#1569
b1111111111101011 !
b1111111110010011 "
1&
1#
#1572
0&
0#
#1575
b1111111101101010 !
b1111111101101110 "
1&
1#
#1578
0&
0#
#1581
b1111111110101111 !
b1111111110111000 "
1&
1#
#1584
0&
0#
#1587
b1111111111011000 !
b1111111110000010 "
1&
1#
#1590
0&
0#
#1593
b1010001 !
b1111111111111010 "
1&
1#
#1596
0&
0#
#1599
b1111111101110100 !
b1111111110111111 "
1&
1#
#1602
0&
0#
#1605
b1111111110110011 !
b1111111111111000 "
1&
1#
#1608
0&
0#
#1611
b1010000 !
b1111111111011100 "
1&
1#
#1614
0&
0#
#1617
b10111 !
b1111111111111111 "
1&
1#
#1620
0&
0#
#1623
b11000 !
b10110 "
1&
1#
#1626
0&
0#
#1629
b1111 !
b1111111111101000 "
1&
1#
#1632
0&
0#
#1635
b1010011 !
b1111111110110111 "
1&
1#
#1638
0&
0#
#1641
b1010000 !
b1111111100111001 "
1&
1#
#1644
0&
0#
#1647
b101111 !
b1111111110000111 "
1&
1#
#1650
0&
0#
#1653
b101101 !
b1111111100110010 "
1&
1#
#1656
0&
0#
#1659
b101010 !
b1111111111010111 "
1&
1#
#1662
0&
0#
#1665
b1000111 !
b1111111101111100 "
1&
1#
#1668
0&
0#
#1671
b10010 !
b1111111110101110 "
1&
1#
#1674
0&
0#
#1677
b1111111110111110 "
1&
1#
#1680
0&
0#
#1683
b100100 !
b1111111111000000 "
1&
1#
#1686
0&
0#
#1689
b1110011 !
b1111111111101100 "
1&
1#
#1692
0&
0#
#1695
b10001001 !
b1111111110110001 "
1&
1#
#1698
0&
0#
#1701
b1001111 !
b1111111110100111 "
1&
1#
#1704
0&
0#
#1707
b1100100 !
b1111111100011100 "
1&
1#
#1710
0&
0#
#1713
b1010010 !
b1111111101111100 "
1&
1#
#1716
0&
0#
#1719
b0 !
b1111111101100110 "
1&
1#
#1722
0&
0#
#1725
b1111111111110100 !
b1111111110011001 "
1&
1#
#1728
0&
0#
#1731
b1111111111011111 !
b1111111110111100 "
1&
1#
#1734
0&
0#
#1737
b1111111110111001 !
b1111111110001111 "
1&
1#
#1740
0&
0#
#1743
b1111111110111000 !
b1111111110101111 "
1&
1#
#1746
0&
0#
#1749
b1111111110101101 !
b1111111101110000 "
1&
1#
#1752
0&
0#
#1755
b1111111110100010 !
b1111111110101100 "
1&
1#
#1758
0&
0#
#1761
b1111111110111100 !
b1111111101100111 "
1&
1#
#1764
0&
0#
#1767
b1111111100001010 "
1&
1#
#1770
0&
0#
#1773
b1111111110110001 !
b1111111101101011 "
1&
1#
#1776
0&
0#
#1779
b1111111110110110 !
b1111111100100010 "
1&
1#
#1782
0&
0#
#1785
b1111111111100010 !
b1111111101111010 "
1&
1#
#1788
0&
0#
#1791
b1100010 !
b1111111110011000 "
1&
1#
#1794
0&
0#
#1797
b1110100 !
b1111111110110101 "
1&
1#
#1800
0&
0#
#1803
b10001101 !
b1111111101111010 "
1&
1#
#1806
0&
0#
#1809
b1010011 !
b1111111111101110 "
1&
1#
#1812
0&
0#
#1815
b1000101 !
b1111111110010001 "
1&
1#
#1818
0&
0#
#1821
b1101110 !
b1111111110111010 "
1&
1#
#1824
0&
0#
#1827
b11111 !
b1111111101010111 "
1&
1#
#1830
0&
0#
#1833
b1111111111011101 !
b1111111111000010 "
1&
1#
#1836
0&
0#
#1839
b1111111111011100 !
b1111111101110000 "
1&
1#
#1842
0&
0#
#1845
b1111111111000010 !
b1111111110110010 "
1&
1#
#1848
0&
0#
#1851
b1111111111000011 !
b1111111110111100 "
1&
1#
#1854
0&
0#
#1857
b1111111111100000 !
b1111111110000001 "
1&
1#
#1860
0&
0#
#1863
b1111111110110110 !
b1111111110111011 "
1&
1#
#1866
0&
0#
#1869
b1111111111111100 !
b1111111101110110 "
1&
1#
#1872
0&
0#
#1875
b101010 !
b1111111111000000 "
1&
1#
#1878
0&
0#
#1881
b1111111111010010 !
b1111111110010001 "
1&
1#
#1884
0&
0#
#1887
b1111111111001011 !
b1111111110110010 "
1&
1#
#1890
0&
0#
#1893
b0 !
b1111111110010000 "
1&
1#
#1896
0&
0#
#1899
b1111111111011101 !
b1111111111010110 "
1&
1#
#1902
0&
0#
#1905
b1111111111010001 !
b1111111111101010 "
1&
1#
#1908
0&
0#
#1911
b1111111111100110 !
b1111111110110010 "
1&
1#
#1914
0&
0#
#1917
b1111111111001000 !
b1111111111000010 "
1&
1#
#1920
0&
0#
#1923
b1111111110101100 !
b1111111110011110 "
1&
1#
#1926
0&
0#
#1929
b1111111111000110 !
b1111111111100010 "
1&
1#
#1932
0&
0#
#1935
b1111111111100100 !
b1111111111101110 "
1&
1#
#1938
0&
0#
#1941
b1111111111010010 !
b1111111111111001 "
1&
1#
#1944
0&
0#
#1947
b1111111110110010 !
b1111111111011000 "
1&
1#
#1950
0&
0#
#1953
b1111111110011011 !
b1111111111111000 "
1&
1#
#1956
0&
0#
#1959
b1111111110100000 !
b101010 "
1&
1#
#1962
0&
0#
#1965
b1111111110100100 !
b1111111111111111 "
1&
1#
#1968
0&
0#
#1971
b1111111110111100 !
b1011010 "
1&
1#
#1974
0&
0#
#1977
b1111111110101011 !
b11100 "
1&
1#
#1980
0&
0#
#1983
b1111111110100011 !
b111101 "
1&
1#
#1986
0&
0#
#1989
b1111111110111101 !
b1100010 "
1&
1#
#1992
0&
0#
#1995
b1111111111001011 !
b10000111 "
1&
1#
#1998
0&
0#
#2001
b1111111110101110 !
b1110110 "
1&
1#
#2004
0&
0#
#2007
b1111111111001010 !
b1010001 "
1&
1#
#2010
0&
0#
#2013
b1111111110111110 !
b10010010 "
1&
1#
#2016
0&
0#
#2019
b1111111110101101 !
b1111010 "
1&
1#
#2022
0&
0#
#2025
b1111111110111111 !
b10000011 "
1&
1#
#2028
0&
0#
#2031
b1111111111001010 !
b10110 "
1&
1#
#2034
0&
0#
#2037
b1111111111101111 !
b1000001 "
1&
1#
#2040
0&
0#
#2043
b1111111111000101 !
b111000 "
1&
1#
#2046
0&
0#
#2049
b1111111111010110 !
b1000101 "
1&
1#
#2052
0&
0#
#2055
b1111111111100101 !
b1001 "
1&
1#
#2058
0&
0#
#2061
b1110 "
1&
1#
#2064
0&
0#
#2067
b1111111111000100 !
b1111111111111011 "
1&
1#
#2070
0&
0#
#2073
b1111111110111101 !
b1111111111011010 "
1&
1#
#2076
0&
0#
#2079
b101011 "
1&
1#
#2082
0&
0#
#2085
b1111111111100100 !
b1111111110011101 "
1&
1#
#2088
0&
0#
#2091
b1111111111001101 !
b1111111111000111 "
1&
1#
#2094
0&
0#
#2097
b1111111111010000 !
b1111111110110000 "
1&
1#
#2100
0&
0#
#2103
b1111111111010011 !
1&
1#
#2106
0&
0#
#2109
b1111111111010111 !
b1111111111001100 "
1&
1#
#2112
0&
0#
#2115
b1111111111111111 !
b1111111110110100 "
1&
1#
#2118
0&
0#
#2121
b1 !
b1111111111010000 "
1&
1#
#2124
0&
0#
#2127
b100011 !
b1111111110011110 "
1&
1#
#2130
0&
0#
#2133
b1100110 !
b1111111111011010 "
1&
1#
#2136
0&
0#
#2139
b1101111 !
b1111111110110010 "
1&
1#
#2142
0&
0#
#2145
b10000100 !
b1111111110101101 "
1&
1#
#2148
0&
0#
#2151
b10101010 !
1&
1#
#2154
0&
0#
#2157
b1111111110001010 "
1&
1#
#2160
0&
0#
#2163
b10101001 !
b1111111110011101 "
1&
1#
#2166
0&
0#
#2169
b10000000 !
b1111111110001111 "
1&
1#
#2172
0&
0#
#2175
b10001000 !
b1111111111000010 "
1&
1#
#2178
0&
0#
#2181
b10001001 !
b1111111111101011 "
1&
1#
#2184
0&
0#
#2187
b1110001 !
b100 "
1&
1#
#2190
0&
0#
#2193
b1000010 !
b101011 "
1&
1#
#2196
0&
0#
#2199
b110010 !
b111111 "
1&
1#
#2202
0&
0#
#2205
b1000001 !
b1001010 "
1&
1#
#2208
0&
0#
#2211
b1111111111111000 !
b1011111 "
1&
1#
#2214
0&
0#
#2217
b1111111111001101 !
b1101000 "
1&
1#
#2220
0&
0#
#2223
b1111111111001001 !
b1000011 "
1&
1#
#2226
0&
0#
#2229
b1111111111011100 !
b110000 "
1&
1#
#2232
0&
0#
#2235
b1111111111111001 !
b11010 "
1&
1#
#2238
0&
0#
#2241
b11010 !
b1111111111110001 "
1&
1#
#2244
0&
0#
#2247
b100001 !
b1111111111110100 "
1&
1#
#2250
0&
0#
#2253
b1111111110110111 "
1&
1#
#2256
0&
0#
#2259
b1000101 !
b1111111110010011 "
1&
1#
#2262
0&
0#
#2265
b1111111101011110 "
1&
1#
#2268
0&
0#
#2271
b1101 !
b1111111110000111 "
1&
1#
#2274
0&
0#
#2277
b11101 !
b1111111110101100 "
1&
1#
#2280
0&
0#
#2283
b1000000 !
b1111111110111100 "
1&
1#
#2286
0&
0#
#2289
b1000001 !
b1111111111101000 "
1&
1#
#2292
0&
0#
#2295
b11101 !
b1111111111101110 "
1&
1#
#2298
0&
0#
#2301
b1001 !
b10011 "
1&
1#
#2304
0&
0#
#2307
b111001 !
b111011 "
1&
1#
#2310
0&
0#
#2313
b1001001 !
b1000000 "
1&
1#
#2316
0&
0#
#2319
b111101 !
b101101 "
1&
1#
#2322
0&
0#
#2325
b1111111111111101 !
b111111 "
1&
1#
#2328
0&
0#
#2331
b101011 !
b1110 "
1&
1#
#2334
0&
0#
#2337
b1100111 !
b1111111111111111 "
1&
1#
#2340
0&
0#
#2343
b1011011 !
b11101 "
1&
1#
#2346
0&
0#
#2349
b111010 !
b1111111111111110 "
1&
1#
#2352
0&
0#
#2355
b110000 !
b10000 "
1&
1#
#2358
0&
0#
#2361
b1001 !
b111001 "
1&
1#
#2364
0&
0#
#2367
b1111111111111010 !
b100011 "
1&
1#
#2370
0&
0#
#2373
b1111111111100001 !
b100000 "
1&
1#
#2376
0&
0#
#2379
b1111111111011011 !
b1000101 "
1&
1#
#2382
0&
0#
#2385
b1111111110011100 !
b1000100 "
1&
1#
#2388
0&
0#
#2391
b1111111111000100 !
b1010011 "
1&
1#
#2394
0&
0#
#2397
b1111111111100011 !
b1100011 "
1&
1#
#2400
0&
0#
#2403
b1111111111000110 !
b1001100 "
1&
1#
#2406
0&
0#
#2409
b1111111110110101 !
b111101 "
1&
1#
#2412
0&
0#
#2415
b1111111111011010 !
b1100010 "
1&
1#
#2418
0&
0#
#2421
b1111111111010100 !
b1110010 "
1&
1#
#2424
0&
0#
#2427
b1111111110111111 !
b1101111 "
1&
1#
#2430
0&
0#
#2433
b1111111111010000 !
b1100001 "
1&
1#
#2436
0&
0#
#2439
b1 !
b1010010 "
1&
1#
#2442
0&
0#
#2445
b1111111111110010 !
b1001010 "
1&
1#
#2448
0&
0#
#2451
b1111111111011010 !
b1010100 "
1&
1#
#2454
0&
0#
#2457
b1111111111101111 !
b1011011 "
1&
1#
#2460
0&
0#
#2463
b1111111111110011 !
b1010001 "
1&
1#
#2466
0&
0#
#2469
b1111111111100101 !
b110000 "
1&
1#
#2472
0&
0#
#2475
b1111111111010101 !
b111110 "
1&
1#
#2478
0&
0#
#2481
b1 !
b1001010 "
1&
1#
#2484
0&
0#
#2487
b1111111111111100 !
b110110 "
1&
1#
#2490
0&
0#
#2493
b1111111111110110 !
b1000101 "
1&
1#
#2496
0&
0#
#2499
b1011 !
b101010 "
1&
1#
#2502
0&
0#
#2505
b100101 !
b110110 "
1&
1#
#2508
0&
0#
#2511
b100111 "
1&
1#
#2514
0&
0#
#2517
b100011 !
b110101 "
1&
1#
#2520
0&
0#
#2523
b110001 !
b110010 "
1&
1#
#2526
0&
0#
#2529
b110010 !
b101111 "
1&
1#
#2532
0&
0#
#2535
b1100000 !
b110111 "
1&
1#
#2538
0&
0#
#2541
b10000011 !
b1000000 "
1&
1#
#2544
0&
0#
#2547
b1101000 !
b111010 "
1&
1#
#2550
0&
0#
#2553
b10000111 !
b111000 "
1&
1#
#2556
0&
0#
#2559
b10011001 !
b100010 "
1&
1#
#2562
0&
0#
#2565
b1110110 !
b10110 "
1&
1#
#2568
0&
0#
#2571
b1001101 !
b1011 "
1&
1#
#2574
0&
0#
#2577
b111000 !
b1111111111101100 "
1&
1#
#2580
0&
0#
#2583
b101011 !
b1111111111011000 "
1&
1#
#2586
0&
0#
#2589
b1100 !
b1111111110100110 "
1&
1#
#2592
0&
0#
#2595
b1111111111011011 !
b1111111110000000 "
1&
1#
#2598
0&
0#
#2601
b1111111111010101 !
b1111111101110100 "
1&
1#
#2604
0&
0#
#2607
b1111111111000010 !
b1111111101010111 "
1&
1#
#2610
0&
0#
#2613
b1111111111010101 !
b1111111101000010 "
1&
1#
#2616
0&
0#
#2619
b1111111110110010 !
b1111111100111101 "
1&
1#
#2622
0&
0#
#2625
b1111111110001000 !
b1111111100110011 "
1&
1#
#2628
0&
0#
#2631
b1111111110000110 !
b1111111101010100 "
1&
1#
#2634
0&
0#
#2637
b1111111110100010 !
b1111111101011101 "
1&
1#
#2640
0&
0#
#2643
b1111111111000000 !
b1111111101110111 "
1&
1#
#2646
0&
0#
#2649
b1111111110111010 !
b1111111110000011 "
1&
1#
#2652
0&
0#
#2655
b1111111111000001 !
b1111111110100110 "
1&
1#
#2658
0&
0#
#2661
b1111111111000110 !
b1111111111001000 "
1&
1#
#2664
0&
0#
#2667
b1111111110111111 !
b1111111111010111 "
1&
1#
#2670
0&
0#
#2673
b1111111111010111 !
b1111111111111101 "
1&
1#
#2676
0&
0#
#2679
b1111111111100001 !
b1111111111110101 "
1&
1#
#2682
0&
0#
#2685
b1111111111101010 !
b1001 "
1&
1#
#2688
0&
0#
#2691
b11 !
b10010 "
1&
1#
#2694
0&
0#
#2697
b1001 !
b1111111111110100 "
1&
1#
#2700
0&
0#
#2703
b1010 !
b1111111111100011 "
1&
1#
#2706
0&
0#
#2709
b1111111111111000 !
b1111111111001001 "
1&
1#
#2712
0&
0#
#2715
b1111111111100110 !
b1111111110111101 "
1&
1#
#2718
0&
0#
#2721
b1111111111100010 !
b1111111110110000 "
1&
1#
#2724
0&
0#
#2727
b1111111111000101 !
b1111111110110011 "
1&
1#
#2730
0&
0#
#2733
b1111111110000011 !
b1111111110111011 "
1&
1#
#2736
0&
0#
#2739
b1111111110001000 !
b1111111110110000 "
1&
1#
#2742
0&
0#
#2745
b1111111110001100 !
b1111111111000010 "
1&
1#
#2748
0&
0#
#2751
b1111111101111011 !
b1111111110111110 "
1&
1#
#2754
0&
0#
#2757
b1111111101110100 !
b1111111110111101 "
1&
1#
#2760
0&
0#
#2763
b1111111110001010 !
b1111111111010100 "
1&
1#
#2766
0&
0#
#2769
b1111111110101011 !
b1111111111000110 "
1&
1#
#2772
0&
0#
#2775
b1111111111011100 !
b1111111111000011 "
1&
1#
#2778
0&
0#
#2781
b1111111110101111 !
b1111111110101000 "
1&
1#
#2784
0&
0#
#2787
b1111111110111011 !
b1111111110111101 "
1&
1#
#2790
0&
0#
#2793
b1010 !
b1111111110101111 "
1&
1#
#2796
0&
0#
#2799
b111011 !
b1111111110110100 "
1&
1#
#2802
0&
0#
#2805
b100011 !
b1111111110111101 "
1&
1#
#2808
0&
0#
#2811
b1111111111110010 !
b1111111110101110 "
1&
1#
#2814
0&
0#
#2817
b111 !
b1111111111000101 "
1&
1#
#2820
0&
0#
#2823
b11110 !
b1111111111110101 "
1&
1#
#2826
0&
0#
#2829
b1111111111111100 !
b1001 "
1&
1#
#2832
0&
0#
#2835
b1111111111110111 !
b100101 "
1&
1#
#2838
0&
0#
#2841
b1111111111110101 !
b100010 "
1&
1#
#2844
0&
0#
#2847
b110010 !
b1000100 "
1&
1#
#2850
0&
0#
#2853
b1001000 !
b1000010 "
1&
1#
#2856
0&
0#
#2859
b110010 !
b1001101 "
1&
1#
#2862
0&
0#
#2865
b1010100 !
b1001011 "
1&
1#
#2868
0&
0#
#2871
b1011100 !
b100101 "
1&
1#
#2874
0&
0#
#2877
b1000001 !
b100000 "
1&
1#
#2880
0&
0#
#2883
b11101 !
b110100 "
1&
1#
#2886
0&
0#
#2889
b110101 !
b100111 "
1&
1#
#2892
0&
0#
#2895
b1000 !
b11010 "
1&
1#
#2898
0&
0#
#2901
b1111111111011101 !
b10000 "
1&
1#
#2904
0&
0#
#2907
b1111111111100100 !
b10101 "
1&
1#
#2910
0&
0#
#2913
b1111111111011100 !
b1011 "
1&
1#
#2916
0&
0#
#2919
b1111111111011001 !
1&
1#
#2922
0&
0#
#2925
b1111111111001100 !
b10101 "
1&
1#
#2928
0&
0#
#2931
b1111111110111100 !
b1011 "
1&
1#
#2934
0&
0#
#2937
b1111111110110000 !
b10010 "
1&
1#
#2940
0&
0#
#2943
b1111111110110111 !
b1111111111111000 "
1&
1#
#2946
0&
0#
#2949
b1111111110101110 !
b1111111111111111 "
1&
1#
#2952
0&
0#
#2955
b1111111110111011 !
b1111111111110101 "
1&
1#
#2958
0&
0#
#2961
b1111111110111000 !
b1111111111100011 "
1&
1#
#2964
0&
0#
#2967
b1111111110110001 !
b1111111111100000 "
1&
1#
#2970
0&
0#
#2973
b1111111110010100 !
b1111111110111111 "
1&
1#
#2976
0&
0#
#2979
b1111111110100100 !
b1111111110111010 "
1&
1#
#2982
0&
0#
#2985
b1111111110101111 !
b1111111110100110 "
1&
1#
#2988
0&
0#
#2991
b1111111110100011 "
1&
1#
#2994
0&
0#
#2997
b1111111111000111 !
b1111111110000111 "
1&
1#
#3000
0&
0#
#3003
b1111111111101111 !
b1111111101110111 "
1&
1#
#3006
0&
0#
#3009
b1111111111110001 !
b1111111101110100 "
1&
1#
#3012
0&
0#
#3015
b10 !
b1111111101011111 "
1&
1#
#3018
0&
0#
#3021
b1111111111111000 !
b1111111101110101 "
1&
1#
#3024
0&
0#
#3027
b1111111111111100 !
b1111111110000000 "
1&
1#
#3030
0&
0#
#3033
b1111111111100101 !
b1111111110010111 "
1&
1#
#3036
0&
0#
#3039
b1111111111000010 !
b1111111110111100 "
1&
1#
#3042
0&
0#
#3045
b1111111110011101 !
b1111111111100000 "
1&
1#
#3048
0&
0#
#3051
b1111111111000100 !
b1111111111110000 "
1&
1#
#3054
0&
0#
#3057
b1111111110100110 !
b10101 "
1&
1#
#3060
0&
0#
#3063
b1111111110000110 !
b111010 "
1&
1#
#3066
0&
0#
#3069
b1111111110001101 !
b1011110 "
1&
1#
#3072
0&
0#
#3075
b1111111110101011 !
b1010101 "
1&
1#
#3078
0&
0#
#3081
b1111111111000000 !
b1100000 "
1&
1#
#3084
0&
0#
#3087
b1111111111011110 !
b1011010 "
1&
1#
#3090
0&
0#
#3093
b1111111111100101 !
b1011101 "
1&
1#
#3096
0&
0#
#3099
b1111111111011100 !
b1110011 "
1&
1#
#3102
0&
0#
#3105
b11 !
b1011100 "
1&
1#
#3108
0&
0#
#3111
b1001111 !
b1000000 "
1&
1#
#3114
0&
0#
#3117
b111001 !
b100100 "
1&
1#
#3120
0&
0#
#3123
b101110 !
b101011 "
1&
1#
#3126
0&
0#
#3129
b110000 !
b110100 "
1&
1#
#3132
0&
0#
#3135
b1011000 !
b11100 "
1&
1#
#3138
0&
0#
#3141
b110010 !
b10010 "
1&
1#
#3144
0&
0#
#3147
b11001 !
b11 "
1&
1#
#3150
0&
0#
#3153
b1110 !
b1111111111111000 "
1&
1#
#3156
0&
0#
#3159
b10010 !
b101 "
1&
1#
#3162
0&
0#
#3165
b11001 !
b1110 "
1&
1#
#3168
0&
0#
#3171
b11110 !
b101001 "
1&
1#
#3174
0&
0#
#3177
b101100 !
b111110 "
1&
1#
#3180
0&
0#
#3183
b1010101 !
b1001100 "
1&
1#
#3186
0&
0#
#3189
b1010111 !
b1101010 "
1&
1#
#3192
0&
0#
#3195
b10010011 !
b10001100 "
1&
1#
#3198
0&
0#
#3201
b10011100 !
b10010100 "
1&
1#
#3204
0&
0#
#3207
b10100000 !
b10011101 "
1&
1#
#3210
0&
0#
#3213
b1001011 !
b10100011 "
1&
1#
#3216
0&
0#
#3219
b1001000 !
b10000111 "
1&
1#
#3222
0&
0#
#3225
b1001110 !
b1110011 "
1&
1#
#3228
0&
0#
#3231
b100110 !
b1011100 "
1&
1#
#3234
0&
0#
#3237
b1111111111111000 !
b101100 "
1&
1#
#3240
0&
0#
#3243
b1111111111010010 !
b100000 "
1&
1#
#3246
0&
0#
#3249
b1111111111010011 !
b1001 "
1&
1#
#3252
0&
0#
#3255
b1111111111111101 !
b1111111111110001 "
1&
1#
#3258
0&
0#
#3261
b0 !
b1111111111110010 "
1&
1#
#3264
0&
0#
#3267
b1111111111010000 "
1&
1#
#3270
0&
0#
#3273
b110 !
b1111111111011000 "
1&
1#
#3276
0&
0#
#3279
b100111 !
b1111111111101100 "
1&
1#
#3282
0&
0#
#3285
b100011 !
b1111111111111000 "
1&
1#
#3288
0&
0#
#3291
b110000 !
b1111111111110100 "
1&
1#
#3294
0&
0#
#3297
b1001001 !
b1111111111100000 "
1&
1#
#3300
0&
0#
#3303
b101100 !
b1111111111100011 "
1&
1#
#3306
0&
0#
#3309
b11100 !
b1111111111000110 "
1&
1#
#3312
0&
0#
#3315
b10100 !
b1111111111001001 "
1&
1#
#3318
0&
0#
#3321
b1111111111111000 !
b1111111111000001 "
1&
1#
#3324
0&
0#
#3327
b10110 !
b1111111110011010 "
1&
1#
#3330
0&
0#
#3333
b1111111111111011 !
b1111111110110000 "
1&
1#
#3336
0&
0#
#3339
b100111 !
b1111111110110001 "
1&
1#
#3342
0&
0#
#3345
b100010 !
b1111111111001111 "
1&
1#
#3348
0&
0#
#3351
b1010001 !
b1111111111010101 "
1&
1#
#3354
0&
0#
#3357
b1001000 !
b1111111111110111 "
1&
1#
#3360
0&
0#
#3363
b1101000 !
b1001 "
1&
1#
#3366
0&
0#
#3369
b1110101 !
b11010 "
1&
1#
#3372
0&
0#
#3375
b10000001 !
b1000100 "
1&
1#
#3378
0&
0#
#3381
b1110100 !
b110010 "
1&
1#
#3384
0&
0#
#3387
b1101011 !
b1000110 "
1&
1#
#3390
0&
0#
#3393
b111010 !
b1001100 "
1&
1#
#3396
0&
0#
#3399
b11101 !
b1001001 "
1&
1#
#3402
0&
0#
#3405
b1111111111110111 !
b1010010 "
1&
1#
#3408
0&
0#
#3411
b1111111111011000 !
b1100111 "
1&
1#
#3414
0&
0#
#3417
b1111111110111010 !
b1011000 "
1&
1#
#3420
0&
0#
#3423
b1111111110100111 !
b1010101 "
1&
1#
#3426
0&
0#
#3429
b1111111111000011 !
b1011001 "
1&
1#
#3432
0&
0#
#3435
b1111111111000010 !
b1011111 "
1&
1#
#3438
0&
0#
#3441
b1111111111100000 !
b1001101 "
1&
1#
#3444
0&
0#
#3447
b1111111111101010 !
b1010010 "
1&
1#
#3450
0&
0#
#3453
b11111 !
b1000001 "
1&
1#
#3456
0&
0#
#3459
b101001 !
b101001 "
1&
1#
#3462
0&
0#
#3465
b11011 !
b11101 "
1&
1#
#3468
0&
0#
#3471
b100010 !
b11010 "
1&
1#
#3474
0&
0#
#3477
b111010 !
b1111111111111111 "
1&
1#
#3480
0&
0#
#3483
b1000001 !
b10101 "
1&
1#
#3486
0&
0#
#3489
b101011 !
b11000 "
1&
1#
#3492
0&
0#
#3495
b10010 !
b110000 "
1&
1#
#3498
0&
0#
#3501
b11000 !
b1001100 "
1&
1#
#3504
0&
0#
#3507
b1101010 "
1&
1#
#3510
0&
0#
#3513
b1111111111111101 !
b1100101 "
1&
1#
#3516
0&
0#
#3519
b1111111111100110 !
b1111001 "
1&
1#
#3522
0&
0#
#3525
b1111111111000011 !
b1101100 "
1&
1#
#3528
0&
0#
#3531
b1111111110110010 !
b1011010 "
1&
1#
#3534
0&
0#
#3537
b1111111110011000 !
b1101001 "
1&
1#
#3540
0&
0#
#3543
b1111111110011001 !
b1001101 "
1&
1#
#3546
0&
0#
#3549
b1111111110100110 !
b10100 "
1&
1#
#3552
0&
0#
#3555
b1111111110001111 !
b1111111111111110 "
1&
1#
#3558
0&
0#
#3561
b1111111110010011 !
b1111111111110101 "
1&
1#
#3564
0&
0#
#3567
b1111111110110110 !
b1111111111010111 "
1&
1#
#3570
0&
0#
#3573
b1111111111010000 !
b1111111111000001 "
1&
1#
#3576
0&
0#
#3579
b1111111111100101 !
1&
1#
#3582
0&
0#
#3585
b1111111111110100 !
b1111111110011110 "
1&
1#
#3588
0&
0#
#3591
b100101 !
b1111111110111111 "
1&
1#
#3594
0&
0#
#3597
b100110 !
b1111111111000000 "
1&
1#
#3600
0&
0#
#3603
b1100100 !
b1111111111010000 "
1&
1#
#3606
0&
0#
#3609
b1010101 !
b1111111111001111 "
1&
1#
#3612
0&
0#
#3615
b111101 !
b1111111111010110 "
1&
1#
#3618
0&
0#
#3621
b110110 !
b1111111111011011 "
1&
1#
#3624
0&
0#
#3627
b110001 !
b1111111111010010 "
1&
1#
#3630
0&
0#
#3633
b1111111111101111 !
b1111111111001001 "
1&
1#
#3636
0&
0#
#3639
b1111111111110111 !
b1111111110100101 "
1&
1#
#3642
0&
0#
#3645
b1111111111110011 !
b1111111110000000 "
1&
1#
#3648
0&
0#
#3651
b1111111111110110 !
b1111111110010000 "
1&
1#
#3654
0&
0#
#3657
b1111111101100100 "
1&
1#
#3660
0&
0#
#3663
b1100 !
b1111111101101100 "
1&
1#
#3666
0&
0#
#3669
b1111111111100000 !
b1111111101010000 "
1&
1#
#3672
0&
0#
#3675
b10011 !
b1111111101111111 "
1&
1#
#3678
0&
0#
#3681
b10010 !
b1111111110011101 "
1&
1#
#3684
0&
0#
#3687
b11 !
b1111111111000100 "
1&
1#
#3690
0&
0#
#3693
b1111111111110010 !
b1111111111010011 "
1&
1#
#3696
0&
0#
#3699
b111 !
b1111111111011011 "
1&
1#
#3702
0&
0#
#3705
b0 !
b1 "
1&
1#
#3708
0&
0#
#3711
b1111111111101111 !
b10111 "
1&
1#
#3714
0&
0#
#3717
b1111111111111110 !
b10010 "
1&
1#
#3720
0&
0#
#3723
b1111111111111011 !
b100 "
1&
1#
#3726
0&
0#
#3729
b1111111111110110 !
b1111111111011010 "
1&
1#
#3732
0&
0#
#3735
b1111111111111011 !
b1111111111001101 "
1&
1#
#3738
0&
0#
#3741
b1111111111101001 !
b1111111111000110 "
1&
1#
#3744
0&
0#
#3747
b1111111111110001 !
b1111111111010011 "
1&
1#
#3750
0&
0#
#3753
b1111111110111010 !
b1111111111000000 "
1&
1#
#3756
0&
0#
#3759
b1111111110110010 !
b1111111110110000 "
1&
1#
#3762
0&
0#
#3765
b1111111111000011 !
b1111111111000000 "
1&
1#
#3768
0&
0#
#3771
b1111111110110101 !
b1111111111000110 "
1&
1#
#3774
0&
0#
#3777
b1111111110110010 !
b1111111111011111 "
1&
1#
#3780
0&
0#
#3783
b1111111110111001 !
b1111111111110010 "
1&
1#
#3786
0&
0#
#3789
b1111111111001100 !
b1111111111010011 "
1&
1#
#3792
0&
0#
#3795
b1111111111010110 !
b1111111111101001 "
1&
1#
#3798
0&
0#
#3801
b1111111111001000 !
b1111111110111011 "
1&
1#
#3804
0&
0#
#3807
b1111111111011010 !
b1111111111000010 "
1&
1#
#3810
0&
0#
#3813
b1111111110111111 !
b1111111110010110 "
1&
1#
#3816
0&
0#
#3819
b1111111110111011 !
b1111111110010101 "
1&
1#
#3822
0&
0#
#3825
b1111111111000101 !
b1111111101111100 "
1&
1#
#3828
0&
0#
#3831
b1111111111010011 !
b1111111101110010 "
1&
1#
#3834
0&
0#
#3837
b1111111110111100 !
b1111111101111010 "
1&
1#
#3840
0&
0#
#3843
b1111111110101111 !
b1111111101111110 "
1&
1#
#3846
0&
0#
#3849
b1111111110100111 !
b1111111110010111 "
1&
1#
#3852
0&
0#
#3855
b1111111110101111 !
b1111111110111111 "
1&
1#
#3858
0&
0#
#3861
b1111111110011010 !
b1111111111100011 "
1&
1#
#3864
0&
0#
#3867
b1111111110001100 !
b1010 "
1&
1#
#3870
0&
0#
#3873
b1111111110010111 !
b100000 "
1&
1#
#3876
0&
0#
#3879
b1111111110111110 !
b110100 "
1&
1#
#3882
0&
0#
#3885
b1111111111011110 !
b111011 "
1&
1#
#3888
0&
0#
#3891
b101010 !
b110101 "
1&
1#
#3894
0&
0#
#3897
b100000 !
b110110 "
1&
1#
#3900
0&
0#
#3903
b10011 !
b10000 "
1&
1#
#3906
0&
0#
#3909
b111010 !
b1111111111111111 "
1&
1#
#3912
0&
0#
#3915
b1100000 !
b1111111111010010 "
1&
1#
#3918
0&
0#
#3921
b1000000 !
b1111111111001000 "
1&
1#
#3924
0&
0#
#3927
b11001 !
b1111111111000011 "
1&
1#
#3930
0&
0#
#3933
b111110 !
b1111111110111001 "
1&
1#
#3936
0&
0#
#3939
b1010100 !
b1111111111000010 "
1&
1#
#3942
0&
0#
#3945
b101011 !
b1111111110111100 "
1&
1#
#3948
0&
0#
#3951
b101000 !
b1111111111000111 "
1&
1#
#3954
0&
0#
#3957
b1101100 !
b1111111111011010 "
1&
1#
#3960
0&
0#
#3963
b1100111 !
b1111111111110011 "
1&
1#
#3966
0&
0#
#3969
b1001000 !
b1000 "
1&
1#
#3972
0&
0#
#3975
b101101 !
b100001 "
1&
1#
#3978
0&
0#
#3981
b1111111111110101 !
b101111 "
1&
1#
#3984
0&
0#
#3987
b10 !
b1000111 "
1&
1#
#3990
0&
0#
#3993
b1111111111111000 !
b1011100 "
1&
1#
#3996
0&
0#
#3999
b1111111111010000 !
b1110111 "
1&
1#
#4002
0&
0#
#4005
b1111111110100101 !
b1111000 "
1&
1#
#4008
0&
0#
#4011
b1111111110101010 !
b1100010 "
1&
1#
#4014
0&
0#
#4017
b1111111111000010 !
1&
1#
#4020
0&
0#
#4023
b1111111110111001 !
b1001101 "
1&
1#
#4026
0&
0#
#4029
b1111111110111100 !
b111011 "
1&
1#
#4032
0&
0#
#4035
b1111111111000011 !
b101111 "
1&
1#
#4038
0&
0#
#4041
b1111111111101011 !
b1111111111111100 "
1&
1#
#4044
0&
0#
#4047
b1111111111101010 !
b1111111111011110 "
1&
1#
#4050
0&
0#
#4053
b1111111111111001 !
b1111111110111001 "
1&
1#
#4056
0&
0#
#4059
b1001 !
b1111111111000011 "
1&
1#
#4062
0&
0#
#4065
b111101 !
b1111111110011010 "
1&
1#
#4068
0&
0#
#4071
b1010110 !
b1111111110110001 "
1&
1#
#4074
0&
0#
#4077
b1101101 !
1&
1#
#4080
0&
0#
#4083
b10000101 !
b1111111111000000 "
1&
1#
#4086
0&
0#
#4089
b1111111111011111 "
1&
1#
#4092
0&
0#
#4095
b10001101 !
b1111111111110101 "
1&
1#
#4098
0&
0#
#4101
b1101100 !
b1111111111111001 "
1&
1#
#4104
0&
0#
#4107
b101011 !
b10100 "
1&
1#
#4110
0&
0#
#4113
b10100 !
b1010 "
1&
1#
#4116
0&
0#
#4119
b11 !
b11 "
1&
1#
#4122
0&
0#
#4125
b1111111111111010 !
b1111111111111110 "
1&
1#
#4128
0&
0#
#4131
b1111111111010010 !
b1100 "
1&
1#
#4134
0&
0#
#4137
b1111111111010001 !
b1111111111011111 "
1&
1#
#4140
0&
0#
#4143
b1111111111110101 !
b1111111111111001 "
1&
1#
#4146
0&
0#
#4149
b1111111111001100 !
b1111111111101110 "
1&
1#
#4152
0&
0#
#4155
b1111111110101010 !
b1111111111100110 "
1&
1#
#4158
0&
0#
#4161
b1111111111010001 !
b1111111111110111 "
1&
1#
#4164
0&
0#
#4167
b1111111111001100 !
b1111111111111110 "
1&
1#
#4170
0&
0#
#4173
b1111111111001010 !
1&
1#
#4176
0&
0#
#4179
b1111111111001100 !
b1111111111111101 "
1&
1#
#4182
0&
0#
#4185
b1111111111011010 !
b1010 "
1&
1#
#4188
0&
0#
#4191
b1111111111000000 !
b1000 "
1&
1#
#4194
0&
0#
#4197
b1111111111001100 !
b10011 "
1&
1#
#4200
0&
0#
#4203
b1111111111000011 !
b101110 "
1&
1#
#4206
0&
0#
#4209
b1111111111001100 !
b11011 "
1&
1#
#4212
0&
0#
#4215
b1111111111011011 !
b1000010 "
1&
1#
#4218
0&
0#
#4221
b1111111111010011 !
b1001000 "
1&
1#
#4224
0&
0#
#4227
b1111111111001110 !
b1001001 "
1&
1#
#4230
0&
0#
#4233
b1111111111100110 !
b1010101 "
1&
1#
#4236
0&
0#
#4239
b1111111111011110 !
b1000100 "
1&
1#
#4242
0&
0#
#4245
b1111111111101100 !
1&
1#
#4248
0&
0#
#4251
b1111111111110110 !
b1000010 "
1&
1#
#4254
0&
0#
#4257
b1111111111110101 !
1&
1#
#4260
0&
0#
#4263
b1111111111100001 !
b111010 "
1&
1#
#4266
0&
0#
#4269
b1111111111101110 !
b101001 "
1&
1#
#4272
0&
0#
#4275
b100011 !
b1000000 "
1&
1#
#4278
0&
0#
#4281
b1011 !
b1000100 "
1&
1#
#4284
0&
0#
#4287
b10010 !
b1001110 "
1&
1#
#4290
0&
0#
#4293
b11101 !
b1010100 "
1&
1#
#4296
0&
0#
#4299
b100110 !
b1011110 "
1&
1#
#4302
0&
0#
#4305
b1100010 "
1&
1#
#4308
0&
0#
#4311
b1000010 !
b1100111 "
1&
1#
#4314
0&
0#
#4317
b1000101 !
b1101100 "
1&
1#
#4320
0&
0#
#4323
b1011100 !
b1100100 "
1&
1#
#4326
0&
0#
#4329
b1010010 !
b1001101 "
1&
1#
#4332
0&
0#
#4335
b111101 !
b1000011 "
1&
1#
#4338
0&
0#
#4341
b100001 !
b111110 "
1&
1#
#4344
0&
0#
#4347
b10010 !
b100101 "
1&
1#
#4350
0&
0#
#4353
b1111111111101011 !
b1111111111011101 "
1&
1#
#4356
0&
0#
#4359
b1111111111011010 !
b1111111111001011 "
1&
1#
#4362
0&
0#
#4365
b1111111111010000 !
b1111111110111011 "
1&
1#
#4368
0&
0#
#4371
b1111111111110011 !
b1111111110101101 "
1&
1#
#4374
0&
0#
#4377
b1111111111110000 !
b1111111110110000 "
1&
1#
#4380
0&
0#
#4383
b1111111111001100 !
b1111111110101000 "
1&
1#
#4386
0&
0#
#4389
b1111111110110010 !
b1111111110101110 "
1&
1#
#4392
0&
0#
#4395
b1111111111001010 !
b1111111110101010 "
1&
1#
#4398
0&
0#
#4401
b1111111110110000 !
b1111111110110100 "
1&
1#
#4404
0&
0#
#4407
b1111111110000100 !
b1111111110110010 "
1&
1#
#4410
0&
0#
#4413
b1111111110000000 !
b1111111110110111 "
1&
1#
#4416
0&
0#
#4419
b1111111110100001 !
b1111111110101111 "
1&
1#
#4422
0&
0#
#4425
b1111111110011100 !
b1111111110110001 "
1&
1#
#4428
0&
0#
#4431
b1111111110011010 !
b1111111110110000 "
1&
1#
#4434
0&
0#
#4437
b1111111110100010 !
b1111111111001010 "
1&
1#
#4440
0&
0#
#4443
b1111111111110111 !
b1111111111111001 "
1&
1#
#4446
0&
0#
#4449
b1111111111110101 !
b101 "
1&
1#
#4452
0&
0#
#4455
b1111111111111011 !
b101001 "
1&
1#
#4458
0&
0#
#4461
b1111111111111100 !
b110101 "
1&
1#
#4464
0&
0#
#4467
b111001 !
b111100 "
1&
1#
#4470
0&
0#
#4473
b111111 !
b1010010 "
1&
1#
#4476
0&
0#
#4479
b111001 !
b1010001 "
1&
1#
#4482
0&
0#
#4485
b110011 !
b1010000 "
1&
1#
#4488
0&
0#
#4491
b110010 !
b100100 "
1&
1#
#4494
0&
0#
#4497
b1001101 !
b100010 "
1&
1#
#4500
0&
0#
#4503
b110000 !
b111 "
1&
1#
#4506
0&
0#
#4509
b1001010 !
b1111111111111110 "
1&
1#
#4512
0&
0#
#4515
b110101 !
b1111111111010110 "
1&
1#
#4518
0&
0#
#4521
b1001100 !
b1111111110111010 "
1&
1#
#4524
0&
0#
#4527
b1000111 !
b1111111110100011 "
1&
1#
#4530
0&
0#
#4533
b1001101 !
b1111111110001001 "
1&
1#
#4536
0&
0#
#4539
b1011100 !
b1111111101111101 "
1&
1#
#4542
0&
0#
#4545
b110111 !
b1111111101101101 "
1&
1#
#4548
0&
0#
#4551
b100011 !
b1111111101111101 "
1&
1#
#4554
0&
0#
#4557
b111 !
b1111111101111000 "
1&
1#
#4560
0&
0#
#4563
b1111111111110000 !
b1111111110010001 "
1&
1#
#4566
0&
0#
#4569
b1111111111100010 !
b1111111110111110 "
1&
1#
#4572
0&
0#
#4575
b1111111111001011 !
b1111111111010111 "
1&
1#
#4578
0&
0#
#4581
b1111111111010101 !
b1111111111111011 "
1&
1#
#4584
0&
0#
#4587
b1111111111100100 !
b1001 "
1&
1#
#4590
0&
0#
#4593
b1111111111100000 !
b100110 "
1&
1#
#4596
0&
0#
#4599
b1111111111100100 !
b101010 "
1&
1#
#4602
0&
0#
#4605
b1111111111101101 !
b101110 "
1&
1#
#4608
0&
0#
#4611
b101 !
b111101 "
1&
1#
#4614
0&
0#
#4617
b1111111111111101 !
b110101 "
1&
1#
#4620
0&
0#
#4623
b1111111111101111 !
b101000 "
1&
1#
#4626
0&
0#
#4629
b1111111111111000 !
b1000000 "
1&
1#
#4632
0&
0#
#4635
b1111111111011011 !
b110011 "
1&
1#
#4638
0&
0#
#4641
b1111111111110101 !
b101101 "
1&
1#
#4644
0&
0#
#4647
b1111111111011000 !
b110000 "
1&
1#
#4650
0&
0#
#4653
b1111111111011001 !
b111001 "
1&
1#
#4656
0&
0#
#4659
b1111111111010110 !
b101100 "
1&
1#
#4662
0&
0#
#4665
b1111111111010010 !
b111010 "
1&
1#
#4668
0&
0#
#4671
b1111111111001000 !
b110011 "
1&
1#
#4674
0&
0#
#4677
b100101 "
1&
1#
#4680
0&
0#
#4683
b1111111111000101 !
b101101 "
1&
1#
#4686
0&
0#
#4689
b1111111110111011 !
b100100 "
1&
1#
#4692
0&
0#
#4695
b1111111111110100 !
b11100 "
1&
1#
#4698
0&
0#
#4701
b1111111111111110 !
b100110 "
1&
1#
#4704
0&
0#
#4707
b1111111111111001 !
b1101 "
1&
1#
#4710
0&
0#
#4713
b1100010 !
b10 "
1&
1#
#4716
0&
0#
#4719
b1100101 !
b110 "
1&
1#
#4722
0&
0#
#4725
b1011011 !
b1111111111111111 "
1&
1#
#4728
0&
0#
#4731
b10000011 !
b1 "
1&
1#
#4734
0&
0#
#4737
b1111100 !
b1111111111101110 "
1&
1#
#4740
0&
0#
#4743
b100110 !
b1111111111101101 "
1&
1#
#4746
0&
0#
#4749
b1010111 !
b1111111111001000 "
1&
1#
#4752
0&
0#
#4755
b1001101 !
b1111111111001101 "
1&
1#
#4758
0&
0#
#4761
b100010 !
b1111111111000111 "
1&
1#
#4764
0&
0#
#4767
b1111111111110101 !
b1111111110111101 "
1&
1#
#4770
0&
0#
#4773
b1111111111110011 !
b1111111110110011 "
1&
1#
#4776
0&
0#
#4779
b100111 !
b1111111110110000 "
1&
1#
#4782
0&
0#
#4785
b110110 !
b1111111110011110 "
1&
1#
#4788
0&
0#
#4791
b11001 !
b1111111110110010 "
1&
1#
#4794
0&
0#
#4797
b1001 !
b1111111111000110 "
1&
1#
#4800
0&
0#
#4803
b111100 !
b1111111111011000 "
1&
1#
#4806
0&
0#
#4809
b10111 !
b1111111111100111 "
1&
1#
#4812
0&
0#
#4815
b1111111111111011 !
b1001 "
1&
1#
#4818
0&
0#
#4821
b1111111111101010 !
b10110 "
1&
1#
#4824
0&
0#
#4827
b1111111111110101 !
b110010 "
1&
1#
#4830
0&
0#
#4833
b1111111111001111 !
b101100 "
1&
1#
#4836
0&
0#
#4839
b1111111111100100 !
b110111 "
1&
1#
#4842
0&
0#
#4845
b1111111111011110 !
b1001000 "
1&
1#
#4848
0&
0#
#4851
b1010 !
b1011001 "
1&
1#
#4854
0&
0#
#4857
b1111111111110001 !
b1011000 "
1&
1#
#4860
0&
0#
#4863
b1111111111110111 !
b1101110 "
1&
1#
#4866
0&
0#
#4869
b1111111111110011 !
b1110100 "
1&
1#
#4872
0&
0#
#4875
b1110 !
b1110011 "
1&
1#
#4878
0&
0#
#4881
b1010 !
b1101011 "
1&
1#
#4884
0&
0#
#4887
b1111111111110110 !
b1101010 "
1&
1#
#4890
0&
0#
#4893
b1010 !
b1001000 "
1&
1#
#4896
0&
0#
#4899
b0 !
b111010 "
1&
1#
#4902
0&
0#
#4905
b100 !
b10110 "
1&
1#
#4908
0&
0#
#4911
b10101 !
b1011 "
1&
1#
#4914
0&
0#
#4917
b10001 !
b1111111111011010 "
1&
1#
#4920
0&
0#
#4923
b10 !
b1111111111001111 "
1&
1#
#4926
0&
0#
#4929
b100110 !
b1111111111000011 "
1&
1#
#4932
0&
0#
#4935
b110100 !
b1111111110111011 "
1&
1#
#4938
0&
0#
#4941
b1101 !
b1111111110110011 "
1&
1#
#4944
0&
0#
#4947
b1111111111100001 !
b1111111110101001 "
1&
1#
#4950
0&
0#
#4953
b10100 !
b1111111110111111 "
1&
1#
#4956
0&
0#
#4959
b10110 !
b1111111110101101 "
1&
1#
#4962
0&
0#
#4965
b1111111111100101 !
b1111111111000010 "
1&
1#
#4968
0&
0#
#4971
b1111111111011010 !
b1111111110100000 "
1&
1#
#4974
0&
0#
#4977
b1111111111110000 !
b1111111110101110 "
1&
1#
#4980
0&
0#
#4983
b1111111111111110 !
b1111111110100111 "
1&
1#
#4986
0&
0#
#4989
b1111111111101011 !
b1111111110101110 "
1&
1#
#4992
0&
0#
#4995
b1111111111100011 !
b1111111110110101 "
1&
1#
#4998
0&
0#
#5001
b1111111111110111 !
b1111111110100100 "
1&
1#
#5004
0&
0#
#5007
b1111111111110010 !
b1111111111001001 "
1&
1#
#5010
0&
0#
#5013
b1111111111111111 !
b1111111111001110 "
1&
1#
#5016
0&
0#
#5019
b1111111111111001 !
b1111111111110101 "
1&
1#
#5022
0&
0#
#5025
b1111111111101101 !
b111 "
1&
1#
#5028
0&
0#
#5031
b1111111111101010 !
b1111 "
1&
1#
#5034
0&
0#
#5037
b1111111111100111 !
b101000 "
1&
1#
#5040
0&
0#
#5043
b1111111111100010 !
b11101 "
1&
1#
#5046
0&
0#
#5049
b1111111111011011 !
b11110 "
1&
1#
#5052
0&
0#
#5055
b111 !
b10101 "
1&
1#
#5058
0&
0#
#5061
b1111111111110001 !
b1100 "
1&
1#
#5064
0&
0#
#5067
b1111111111000011 !
b110 "
1&
1#
#5070
0&
0#
#5073
b1111111111001101 !
b1111111111111011 "
1&
1#
#5076
0&
0#
#5079
b1111111111101110 !
b1111111111111111 "
1&
1#
#5082
0&
0#
#5085
b1111111111000011 !
b10 "
1&
1#
#5088
0&
0#
#5091
b1111111110001001 !
b1111111111111101 "
1&
1#
#5094
0&
0#
#5097
b1111111101110001 !
b11110 "
1&
1#
#5100
0&
0#
#5103
b1111111110010100 !
b1101 "
1&
1#
#5106
0&
0#
#5109
b1111111110001000 !
b110100 "
1&
1#
#5112
0&
0#
#5115
b1111111101111110 !
b100101 "
1&
1#
#5118
0&
0#
#5121
b1111111110000000 !
b110011 "
1&
1#
#5124
0&
0#
#5127
b1111111110011010 !
b111100 "
1&
1#
#5130
0&
0#
#5133
b1111111111010111 !
b110011 "
1&
1#
#5136
0&
0#
#5139
b1111111111011111 !
b110101 "
1&
1#
#5142
0&
0#
#5145
b1111111110100001 !
b101001 "
1&
1#
#5148
0&
0#
#5151
b1111111111010101 !
b11111 "
1&
1#
#5154
0&
0#
#5157
b10010 !
b1111111111111011 "
1&
1#
#5160
0&
0#
#5163
b1111111111011011 !
b1111111111101111 "
1&
1#
#5166
0&
0#
#5169
b1111111110011101 !
b1111111111001101 "
1&
1#
#5172
0&
0#
#5175
b1111111110111111 !
b1111111110001011 "
1&
1#
#5178
0&
0#
#5181
b1111111111100100 !
b1111111110100101 "
1&
1#
#5184
0&
0#
#5187
b1111111111111100 !
b1111111101111100 "
1&
1#
#5190
0&
0#
#5193
b1111111111011011 !
b1111111101101110 "
1&
1#
#5196
0&
0#
#5199
b1111111111111010 !
b1111111110000110 "
1&
1#
#5202
0&
0#
#5205
b1111 !
b1111111110100011 "
1&
1#
#5208
0&
0#
#5211
b11101 !
b1111111110100010 "
1&
1#
#5214
0&
0#
#5217
b101 !
b1111111111001111 "
1&
1#
#5220
0&
0#
#5223
b10110 !
b1111111111000010 "
1&
1#
#5226
0&
0#
#5229
b10111 !
b1111111111010001 "
1&
1#
#5232
0&
0#
#5235
b0 !
b1111111111111001 "
1&
1#
#5238
0&
0#
#5241
b11100 !
b1111111111100101 "
1&
1#
#5244
0&
0#
#5247
b10110 !
b1111111111011010 "
1&
1#
#5250
0&
0#
#5253
b10100 !
b1111111111010101 "
1&
1#
#5256
0&
0#
#5259
b101110 !
1&
1#
#5262
0&
0#
#5265
b100010 !
b1111111111001010 "
1&
1#
#5268
0&
0#
#5271
b111111 !
b1111111111110111 "
1&
1#
#5274
0&
0#
#5277
b1000011 !
b1111111111110001 "
1&
1#
#5280
0&
0#
#5283
b1000010 !
b1111111111110101 "
1&
1#
#5286
0&
0#
#5289
b111101 !
b1111111111111111 "
1&
1#
#5292
0&
0#
#5295
b1000001 !
b11001 "
1&
1#
#5298
0&
0#
#5301
b1000010 !
b10010 "
1&
1#
#5304
0&
0#
#5307
b100100 !
b11101 "
1&
1#
#5310
0&
0#
#5313
b101100 !
b1111111111110111 "
1&
1#
#5316
0&
0#
#5319
b10101 !
b1 "
1&
1#
#5322
0&
0#
#5325
b110011 !
b1111111111111000 "
1&
1#
#5328
0&
0#
#5331
b111101 !
b1111111111111001 "
1&
1#
#5334
0&
0#
#5337
b1100000 !
b1111111111110000 "
1&
1#
#5340
0&
0#
#5343
b1100100 !
b1111111111101111 "
1&
1#
#5346
0&
0#
#5349
b110100 !
b1111111111110001 "
1&
1#
#5352
0&
0#
#5355
b1010110 !
b1111111111100010 "
1&
1#
#5358
0&
0#
#5361
b1010010 !
b1111111111111000 "
1&
1#
#5364
0&
0#
#5367
b10111 !
b1111111111101000 "
1&
1#
#5370
0&
0#
#5373
b1111111111110011 !
b1111111111100100 "
1&
1#
#5376
0&
0#
#5379
b1111111111101111 !
b1111111111101010 "
1&
1#
#5382
0&
0#
#5385
b1111111110110101 !
b1111111111100101 "
1&
1#
#5388
0&
0#
#5391
b1111111110100000 !
b1111111111011010 "
1&
1#
#5394
0&
0#
#5397
b1111111110111010 !
b1111111111100001 "
1&
1#
#5400
0&
0#
#5403
b1111111110011111 !
b1111111111100011 "
1&
1#
#5406
0&
0#
#5409
b1111111110110111 !
b1111111111110100 "
1&
1#
#5412
0&
0#
#5415
b1111111111010110 !
b1111111111110111 "
1&
1#
#5418
0&
0#
#5421
b1111111111000001 !
b101 "
1&
1#
#5424
0&
0#
#5427
b1111111111001000 !
b0 "
1&
1#
#5430
0&
0#
#5433
b1111111111011000 !
b11 "
1&
1#
#5436
0&
0#
#5439
b101010 !
b10010 "
1&
1#
#5442
0&
0#
#5445
b10001110 !
b1110 "
1&
1#
#5448
0&
0#
#5451
b1101100 !
b1111 "
1&
1#
#5454
0&
0#
#5457
b1111111111110111 !
b1011 "
1&
1#
#5460
0&
0#
#5463
b1101111 !
b10 "
1&
1#
#5466
0&
0#
#5469
b10000001 !
b110 "
1&
1#
#5472
0&
0#
#5475
b1001001 !
b0 "
1&
1#
#5478
0&
0#
#5481
b1111111111101100 !
b1100 "
1&
1#
#5484
0&
0#
#5487
b1111111111001101 !
b100 "
1&
1#
#5490
0&
0#
#5493
b1111111111000100 !
b11 "
1&
1#
#5496
0&
0#
#5499
b1111111111001001 !
b10111 "
1&
1#
#5502
0&
0#
#5505
b1111111111100100 !
b11110 "
1&
1#
#5508
0&
0#
#5511
b1111111110101001 !
b11111 "
1&
1#
#5514
0&
0#
#5517
b1111111111010111 !
b1100 "
1&
1#
#5520
0&
0#
#5523
b101000 !
b101010 "
1&
1#
#5526
0&
0#
#5529
b1111111111000111 !
b111011 "
1&
1#
#5532
0&
0#
#5535
b1111111110101011 !
b1010000 "
1&
1#
#5538
0&
0#
#5541
b10 !
b1011111 "
1&
1#
#5544
0&
0#
#5547
b1111111111011111 !
b1101100 "
1&
1#
#5550
0&
0#
#5553
b1111111111011000 !
b1110010 "
1&
1#
#5556
0&
0#
#5559
b1111111111011011 !
b10010010 "
1&
1#
#5562
0&
0#
#5565
b1111111111001110 !
b10100000 "
1&
1#
#5568
0&
0#
#5571
b1111111110110110 !
b10011000 "
1&
1#
#5574
0&
0#
#5577
b1111111110111100 !
b1111001 "
1&
1#
#5580
0&
0#
#5583
b1111111111101001 !
b1101000 "
1&
1#
#5586
0&
0#
#5589
b1111111111011001 !
b1100001 "
1&
1#
#5592
0&
0#
#5595
b1111111110110101 !
b1001001 "
1&
1#
#5598
0&
0#
#5601
b1111111110011111 !
b110110 "
1&
1#
#5604
0&
0#
#5607
b1111111110011000 !
b110001 "
1&
1#
#5610
0&
0#
#5613
b1111111110110101 !
b11001 "
1&
1#
#5616
0&
0#
#5619
b1111111110111101 !
b100001 "
1&
1#
#5622
0&
0#
#5625
b1111111110111011 !
b101111 "
1&
1#
#5628
0&
0#
#5631
b1111111110101010 !
b11011 "
1&
1#
#5634
0&
0#
#5637
b1111111111001001 !
b101001 "
1&
1#
#5640
0&
0#
#5643
b1111111111001000 !
b1000010 "
1&
1#
#5646
0&
0#
#5649
b1111111111010111 !
b100001 "
1&
1#
#5652
0&
0#
#5655
b1111111110110110 !
b1011 "
1&
1#
#5658
0&
0#
#5661
b1111111110111010 !
b1111111111110000 "
1&
1#
#5664
0&
0#
#5667
b1111111110000100 !
b1111111111110110 "
1&
1#
#5670
0&
0#
#5673
b11110 !
b1111111111101100 "
1&
1#
#5676
0&
0#
#5679
b1111111111101110 !
b1111111111101101 "
1&
1#
#5682
0&
0#
#5685
b1111111101100001 !
b1111111111010111 "
1&
1#
#5688
0&
0#
#5691
b1111111100111111 !
b1111111111011011 "
1&
1#
#5694
0&
0#
#5697
b1111111110000101 !
b1111111111101011 "
1&
1#
#5700
0&
0#
#5703
b1111111110000100 !
b1111111111011010 "
1&
1#
#5706
0&
0#
#5709
b1111111101000010 !
b1111111111100110 "
1&
1#
#5712
0&
0#
#5715
b1111111100111101 !
b1111111111010110 "
1&
1#
#5718
0&
0#
#5721
b1111111101001111 !
b1111111110111111 "
1&
1#
#5724
0&
0#
#5727
b1111111100111000 !
b1111111111001111 "
1&
1#
#5730
0&
0#
#5733
b1111111100110111 !
b1111111110101101 "
1&
1#
#5736
0&
0#
#5739
b1111111100110011 !
b1111111110110011 "
1&
1#
#5742
0&
0#
#5745
b1111111100101100 !
b1111111110101001 "
1&
1#
#5748
0&
0#
#5751
b1111111100101110 !
b1111111110101101 "
1&
1#
#5754
0&
0#
#5757
b1111111100100110 !
b1111111110110101 "
1&
1#
#5760
0&
0#
#5763
b1111111100101010 !
b1111111110110011 "
1&
1#
#5766
0&
0#
#5769
b1111111100101100 !
b1111111110111100 "
1&
1#
#5772
0&
0#
#5775
b1111111100100101 !
b1111111110101001 "
1&
1#
#5778
0&
0#
#5781
b1111111100101010 !
b1111111111000111 "
1&
1#
#5784
0&
0#
#5787
b1111111100101001 !
b1111111110110011 "
1&
1#
#5790
0&
0#
#5793
b1111111100100110 !
b1111111110110000 "
1&
1#
#5796
0&
0#
#5799
b1111111100011110 !
b1111111110100010 "
1&
1#
#5802
0&
0#
#5805
b1111111100011101 !
b1111111110001110 "
1&
1#
#5808
0&
0#
#5811
b1111111100111011 !
b1111111110101100 "
1&
1#
#5814
0&
0#
#5817
b1111111101100011 !
b1111111110101001 "
1&
1#
#5820
0&
0#
#5823
b1111111110010110 !
b1111111111010001 "
1&
1#
#5826
0&
0#
#5829
b1111111101111101 !
b1111111111100110 "
1&
1#
#5832
0&
0#
#5835
b1111111110101011 !
b1111111111111111 "
1&
1#
#5838
0&
0#
#5841
b1111111111110110 !
b100011 "
1&
1#
#5844
0&
0#
#5847
b1001111 !
b1001000 "
1&
1#
#5850
0&
0#
#5853
b10011101 !
b1010101 "
1&
1#
#5856
0&
0#
#5859
b10110100 !
b1001011 "
1&
1#
#5862
0&
0#
#5865
b11111010 !
b1101100 "
1&
1#
#5868
0&
0#
#5871
b100111101 !
b1000011 "
1&
1#
#5874
0&
0#
#5877
b100001101 !
b100101 "
1&
1#
#5880
0&
0#
#5883
b100111101 !
b11011 "
1&
1#
#5886
0&
0#
#5889
b10101011 !
b1111111111110100 "
1&
1#
#5892
0&
0#
#5895
b101110000 !
b1111111111110110 "
1&
1#
#5898
0&
0#
#5901
b11111101 !
b1111111111001110 "
1&
1#
#5904
0&
0#
#5907
b101101001 !
b1111111110010001 "
1&
1#
#5910
0&
0#
#5913
b100100011 !
b1111111101110110 "
1&
1#
#5916
0&
0#
#5919
b10010000111 !
b1111111110100011 "
1&
1#
#5922
0&
0#
#5925
b10010001110 !
b1111111110011001 "
1&
1#
#5928
0&
0#
#5931
b1111101010111001 !
b1111111111011111 "
1&
1#
#5934
0&
0#
#5937
b11011000 !
b1111111111000100 "
1&
1#
#5940
0&
0#
#5943
b1000011001 !
b1111111111010011 "
1&
1#
#5946
0&
0#
#5949
b10101 !
b11001 "
1&
1#
#5952
0&
0#
#5955
b1111100 !
b111001 "
1&
1#
#5958
0&
0#
#5961
b1010101 !
b1000100 "
1&
1#
#5964
0&
0#
#5967
b1111010 !
b110101 "
1&
1#
#5970
0&
0#
#5973
b1001000 !
b1000101 "
1&
1#
#5976
0&
0#
#5979
b1111111110101100 !
b10000 "
1&
1#
#5982
0&
0#
#5985
b1111111110000010 !
b10110 "
1&
1#
#5988
0&
0#
#5991
b1111111101111001 !
b1000011 "
1&
1#
#5994
0&
0#
#5997
b1111111101010110 !
b1100 "
1&
1#
#6000
0&
0#
#6003
b1111111101001011 !
1&
1#
#6006
0&
0#
#6009
b1111111101000110 !
b1000101 "
1&
1#
#6012
0&
0#
#6015
b1111111100101110 !
b11100 "
1&
1#
#6018
0&
0#
#6021
b11111 "
1&
1#
#6024
0&
0#
#6027
b1111111100110000 !
b110111 "
1&
1#
#6030
0&
0#
#6033
b1111111100101010 !
b1000011 "
1&
1#
#6036
0&
0#
#6039
b1111111100101110 !
b1010011 "
1&
1#
#6042
0&
0#
#6045
b1111111100101100 !
b1010101 "
1&
1#
#6048
0&
0#
#6051
b1111111101001100 !
b1001000 "
1&
1#
#6054
0&
0#
#6057
b1111111110000010 !
b111001 "
1&
1#
#6060
0&
0#
#6063
b1111111110001010 !
b1011111 "
1&
1#
#6066
0&
0#
#6069
b100111 !
b1101111 "
1&
1#
#6072
0&
0#
#6075
b10110110 !
b1100101 "
1&
1#
#6078
0&
0#
#6081
b11011101 !
b1100001 "
1&
1#
#6084
0&
0#
#6087
b100111010 !
b111011 "
1&
1#
#6090
0&
0#
#6093
b101001001 !
b1000100 "
1&
1#
#6096
0&
0#
#6099
b110110101 !
b1001100 "
1&
1#
#6102
0&
0#
#6105
b10000001 !
b1100011 "
1&
1#
#6108
0&
0#
#6111
b111000011 !
b101111 "
1&
1#
#6114
0&
0#
#6117
b100111011 !
b111011 "
1&
1#
#6120
0&
0#
#6123
b10101010 !
b1001010 "
1&
1#
#6126
0&
0#
#6129
b110011 !
b10010010 "
1&
1#
#6132
0&
0#
#6135
b1111111111000101 !
b1101010 "
1&
1#
#6138
0&
0#
#6141
b1111111111101010 !
b10010100 "
1&
1#
#6144
0&
0#
#6147
b1111111101100000 !
1&
1#
#6150
0&
0#
#6153
b1111111110000001 !
b10101111 "
1&
1#
#6156
0&
0#
#6159
b1111111101110101 !
b100000010 "
1&
1#
#6162
0&
0#
#6165
b1111111101001100 !
b100011101 "
1&
1#
#6168
0&
0#
#6171
b1111111101000100 !
b11111011 "
1&
1#
#6174
0&
0#
#6177
b1111111101000010 !
b11011000 "
1&
1#
#6180
0&
0#
#6183
b1111111100110101 !
b100010101 "
1&
1#
#6186
0&
0#
#6189
b1111111100111000 !
b100111000 "
1&
1#
#6192
0&
0#
#6195
b1111111101000000 !
b100011111 "
1&
1#
#6198
0&
0#
#6201
b1111111101100110 !
b100010001 "
1&
1#
#6204
0&
0#
#6207
b1111111110100001 !
1&
1#
#6210
0&
0#
#6213
b1111111110011011 !
b100011101 "
1&
1#
#6216
0&
0#
#6219
b1110100 !
b100011110 "
1&
1#
#6222
0&
0#
#6225
b10001100 !
b100100100 "
1&
1#
#6228
0&
0#
#6231
b101101011 !
b100100101 "
1&
1#
#6234
0&
0#
#6237
b100010001 !
b100101000 "
1&
1#
#6240
0&
0#
#6243
b11100001 !
b100011010 "
1&
1#
#6246
0&
0#
#6249
b100101101 !
b100010101 "
1&
1#
#6252
0&
0#
#6255
b1110101 !
b100001000 "
1&
1#
#6258
0&
0#
#6261
b1101001 !
b11111000 "
1&
1#
#6264
0&
0#
#6267
b1111111111011100 !
b11101001 "
1&
1#
#6270
0&
0#
#6273
b1111111111001001 !
b11001011 "
1&
1#
#6276
0&
0#
#6279
b1111111110011111 !
b10100101 "
1&
1#
#6282
0&
0#
#6285
b1111111101111010 !
b1010111 "
1&
1#
#6288
0&
0#
#6291
b1111111101100110 !
b110101 "
1&
1#
#6294
0&
0#
#6297
b1111111101010100 !
b1111111111111001 "
1&
1#
#6300
0&
0#
#6303
b1111111101000010 !
b1111111111010001 "
1&
1#
#6306
0&
0#
#6309
b1111111101010011 !
b1111111110010110 "
1&
1#
#6312
0&
0#
#6315
b1111111100101100 "
1&
1#
#6318
0&
0#
#6321
b1111111111001101 !
b1111111011111100 "
1&
1#
#6324
0&
0#
#6327
b1111111111101011 !
b1111111011100010 "
1&
1#
#6330
0&
0#
#6333
b11101 !
b1111111010110100 "
1&
1#
#6336
0&
0#
#6339
b10011010 !
b1111111011000011 "
1&
1#
#6342
0&
0#
#6345
b11101000 !
b1111111001111111 "
1&
1#
#6348
0&
0#
#6351
b100011101 !
b1111111010111100 "
1&
1#
#6354
0&
0#
#6357
b10011001 !
b1111111001100000 "
1&
1#
#6360
0&
0#
#6363
b10000111 !
b1111111001111011 "
1&
1#
#6366
0&
0#
#6369
b10001 !
b1111111101010011 "
1&
1#
#6372
0&
0#
#6375
b11110 !
b1111111101000011 "
1&
1#
#6378
0&
0#
#6381
b1111111111011000 !
b1111111001110111 "
1&
1#
#6384
0&
0#
#6387
b1111111101100010 !
b1111110101110011 "
1&
1#
#6390
0&
0#
#6393
b1111111101111010 !
b1111111101100001 "
1&
1#
#6396
0&
0#
#6399
b1111111101100010 !
b1111111001110010 "
1&
1#
#6402
0&
0#
#6405
b1111111101110000 !
b1111111100001000 "
1&
1#
#6408
0&
0#
#6411
b1111111101001010 !
b1111111101101110 "
1&
1#
#6414
0&
0#
#6417
b1111111101010010 !
b1111110100111011 "
1&
1#
#6420
0&
0#
#6423
b1111111111110111 !
b1111111010100000 "
1&
1#
#6426
0&
0#
#6429
b111 !
b1001101 "
1&
1#
#6432
0&
0#
#6435
b1000011 "
1&
1#
#6438
0&
0#
#6441
b1111010 !
b1111111111110111 "
1&
1#
#6444
0&
0#
#6447
b10010001 !
b10110110 "
1&
1#
#6450
0&
0#
#6453
b11101000 !
b1100011 "
1&
1#
#6456
0&
0#
#6459
b10010001 !
b10110001 "
1&
1#
#6462
0&
0#
#6465
b1011 !
b111100111 "
1&
1#
#6468
0&
0#
#6471
b1111111111101100 !
b100110110 "
1&
1#
#6474
0&
0#
#6477
b100001110 "
1&
1#
#6480
0&
0#
#6483
b1111111101110001 !
b101001110 "
1&
1#
#6486
0&
0#
#6489
b1111111101110110 !
b100000001 "
1&
1#
#6492
0&
0#
#6495
b1111111101101000 !
b11110101 "
1&
1#
#6498
0&
0#
#6501
b1111111110001101 !
b11010110 "
1&
1#
#6504
0&
0#
#6507
b1111111110011011 !
b10011101 "
1&
1#
#6510
0&
0#
#6513
b1111111110011000 !
b1110110 "
1&
1#
#6516
0&
0#
#6519
b11101 !
b101010 "
1&
1#
#6522
0&
0#
#6525
b10000001 !
b10 "
1&
1#
#6528
0&
0#
#6531
b10000101 !
b1111111110001001 "
1&
1#
#6534
0&
0#
#6537
b1010110 !
b1111111100101001 "
1&
1#
#6540
0&
0#
#6543
b10110110 !
b1111111011110111 "
1&
1#
#6546
0&
0#
#6549
b110111 !
b1111111001100011 "
1&
1#
#6552
0&
0#
#6555
b1111111110011101 !
b1111111010100000 "
1&
1#
#6558
0&
0#
#6561
b1111111111101110 !
b1111111001000010 "
1&
1#
#6564
0&
0#
#6567
b1111111111011000 !
b1111111011011011 "
1&
1#
#6570
0&
0#
#6573
b1111111101110010 !
b1111111010001110 "
1&
1#
#6576
0&
0#
#6579
b1111111101110000 !
b1111111100110000 "
1&
1#
#6582
0&
0#
#6585
b1111111111000010 !
b1111111100000001 "
1&
1#
#6588
0&
0#
#6591
b1111111111011010 !
b1111111110010010 "
1&
1#
#6594
0&
0#
#6597
b100001 !
b100110 "
1&
1#
#6600
0&
0#
#6603
b110110 !
b10000000 "
1&
1#
#6606
0&
0#
#6609
b1101110 !
b10100110 "
1&
1#
#6612
0&
0#
#6615
b10000111 !
b10100000 "
1&
1#
#6618
0&
0#
#6621
b1110011 !
b11101111 "
1&
1#
#6624
0&
0#
#6627
b10000001 !
b100001101 "
1&
1#
#6630
0&
0#
#6633
b11111 !
b11110101 "
1&
1#
#6636
0&
0#
#6639
b1111111110111100 !
b100001110 "
1&
1#
#6642
0&
0#
#6645
b1111111110011101 !
b11001111 "
1&
1#
#6648
0&
0#
#6651
b1111111110010000 !
b10101101 "
1&
1#
#6654
0&
0#
#6657
b1111111110010100 !
b10000000 "
1&
1#
#6660
0&
0#
#6663
b1111111110001011 !
b1011000 "
1&
1#
#6666
0&
0#
#6669
b1111111110110011 !
b1111111111110101 "
1&
1#
#6672
0&
0#
#6675
b10001100 !
b1111111111100000 "
1&
1#
#6678
0&
0#
#6681
b1100001 !
b1111111101100001 "
1&
1#
#6684
0&
0#
#6687
b1000111 !
b1111111101001111 "
1&
1#
#6690
0&
0#
#6693
b1100100 !
b1111111010101101 "
1&
1#
#6696
0&
0#
#6699
b1101100 !
b1111111011001101 "
1&
1#
#6702
0&
0#
#6705
b1100010 !
b1111111011011000 "
1&
1#
#6708
0&
0#
#6711
b11000 !
b1111111011111010 "
1&
1#
#6714
0&
0#
#6717
b1111111111100000 !
b1111111110000110 "
1&
1#
#6720
0&
0#
#6723
b1111111110100110 !
b1111111101111100 "
1&
1#
#6726
0&
0#
#6729
b1111111110011110 !
b10011 "
1&
1#
#6732
0&
0#
#6735
b1111111110111100 !
b1010101 "
1&
1#
#6738
0&
0#
#6741
b110010 !
b10111010 "
1&
1#
#6744
0&
0#
#6747
b10011000 !
b11001010 "
1&
1#
#6750
0&
0#
#6753
b10111111 !
b11011110 "
1&
1#
#6756
0&
0#
#6759
b1010000 !
b11010011 "
1&
1#
#6762
0&
0#
#6765
b1100111 !
b10101010 "
1&
1#
#6768
0&
0#
#6771
b110001 !
b10011101 "
1&
1#
#6774
0&
0#
#6777
b1010000 !
b1101100 "
1&
1#
#6780
0&
0#
#6783
b1000000 !
b1111111111110101 "
1&
1#
#6786
0&
0#
#6789
b1111111110010101 !
b1111111111001110 "
1&
1#
#6792
0&
0#
#6795
b1111111111100111 !
b1111111101111110 "
1&
1#
#6798
0&
0#
#6801
b1111111111001000 !
b1111111100101100 "
1&
1#
#6804
0&
0#
#6807
b101001 !
b1111111100110100 "
1&
1#
#6810
0&
0#
#6813
b1000011 !
b1111111011101111 "
1&
1#
#6816
0&
0#
#6819
b10101100 !
b1111111101000000 "
1&
1#
#6822
0&
0#
#6825
b10000101 !
b1111111101011111 "
1&
1#
#6828
0&
0#
#6831
b1100000 !
b1111111111111111 "
1&
1#
#6834
0&
0#
#6837
b11110 !
b100010 "
1&
1#
#6840
0&
0#
#6843
b1110011 !
b1100101 "
1&
1#
#6846
0&
0#
#6849
b110010 !
b10011101 "
1&
1#
#6852
0&
0#
#6855
b1111111110010110 !
b10101011 "
1&
1#
#6858
0&
0#
#6861
b1111111110101100 !
b11010001 "
1&
1#
#6864
0&
0#
#6867
b101100 !
b10111101 "
1&
1#
#6870
0&
0#
#6873
b11100 !
b10010001 "
1&
1#
#6876
0&
0#
#6879
b10101111 !
b1100000 "
1&
1#
#6882
0&
0#
#6885
b100001010 !
b1111111111111010 "
1&
1#
#6888
0&
0#
#6891
b10101010 !
b1111111111100110 "
1&
1#
#6894
0&
0#
#6897
b1111111111110010 !
b1111111110010101 "
1&
1#
#6900
0&
0#
#6903
b1111111111111101 !
b1111111101010000 "
1&
1#
#6906
0&
0#
#6909
b1010010 !
b1111111101110000 "
1&
1#
#6912
0&
0#
#6915
b11001 !
b1111111101001011 "
1&
1#
#6918
0&
0#
#6921
b1111111110001010 !
b1111111110010011 "
1&
1#
#6924
0&
0#
#6927
b1000111 !
b1111111111000101 "
1&
1#
#6930
0&
0#
#6933
b1010000 !
b100001 "
1&
1#
#6936
0&
0#
#6939
b1011110 !
b1011011 "
1&
1#
#6942
0&
0#
#6945
b11101001 !
b10011011 "
1&
1#
#6948
0&
0#
#6951
b10101100 !
b10000000 "
1&
1#
#6954
0&
0#
#6957
b1001101 !
b1111001 "
1&
1#
#6960
0&
0#
#6963
b1101000 !
b10010111 "
1&
1#
#6966
0&
0#
#6969
b100110 !
b1001110 "
1&
1#
#6972
0&
0#
#6975
b1111111110100100 !
b100100 "
1&
1#
#6978
0&
0#
#6981
b1010101 !
b1111111111000001 "
1&
1#
#6984
0&
0#
#6987
b10111011 !
b1111111110011110 "
1&
1#
#6990
0&
0#
#6993
b1101110 !
b1111111101110101 "
1&
1#
#6996
0&
0#
#6999
b110110 !
b1111111110000011 "
1&
1#
#7002
0&
0#
#7005
b10111011 !
b1111111101110100 "
1&
1#
#7008
0&
0#
#7011
b100010 !
b1111111111010101 "
1&
1#
#7014
0&
0#
#7017
b1010001 !
b10100 "
1&
1#
#7020
0&
0#
#7023
b11 !
b11011 "
1&
1#
#7026
0&
0#
#7029
b1111111111101100 !
b1100011 "
1&
1#
#7032
0&
0#
#7035
b11011 !
b1011110 "
1&
1#
#7038
0&
0#
#7041
b110001 !
b110111 "
1&
1#
#7044
0&
0#
#7047
b10000111 !
b1000110 "
1&
1#
#7050
0&
0#
#7053
b1111111110111001 !
b1000100 "
1&
1#
#7056
0&
0#
#7059
b1111011 !
b1111111111010000 "
1&
1#
#7062
0&
0#
#7065
b1111111111111111 !
b1111111110100001 "
1&
1#
#7068
0&
0#
#7071
b1011101 !
b1111111101111111 "
1&
1#
#7074
0&
0#
#7077
b1111111111010111 !
b1111111101101100 "
1&
1#
#7080
0&
0#
#7083
b1111111110111100 !
b1111111110110100 "
1&
1#
#7086
0&
0#
#7089
b100110 !
b1111111110110010 "
1&
1#
#7092
0&
0#
#7095
b10011100 !
b1111111111100101 "
1&
1#
#7098
0&
0#
#7101
b110001 !
b11100 "
1&
1#
#7104
0&
0#
#7107
b11110 !
b1010111 "
1&
1#
#7110
0&
0#
#7113
b110001 !
b1011100 "
1&
1#
#7116
0&
0#
#7119
b100100 !
b1011011 "
1&
1#
#7122
0&
0#
#7125
b10010 !
b110111 "
1&
1#
#7128
0&
0#
#7131
b1111111101111100 !
b11111 "
1&
1#
#7134
0&
0#
#7137
b1111111101110110 !
b1111111111000011 "
1&
1#
#7140
0&
0#
#7143
b1111111111111101 !
b1111111110111110 "
1&
1#
#7146
0&
0#
#7149
b111110 !
b1111111101100110 "
1&
1#
#7152
0&
0#
#7155
b1111111110010010 !
b1111111101110001 "
1&
1#
#7158
0&
0#
#7161
b1111111110101111 !
b1111111110101110 "
1&
1#
#7164
0&
0#
#7167
b1111111111000000 !
b1111111110110101 "
1&
1#
#7170
0&
0#
#7173
b1111111111011111 !
b1111111111100000 "
1&
1#
#7176
0&
0#
#7179
b1111111110000100 !
b1111111111100010 "
1&
1#
#7182
0&
0#
#7185
b1111111101010010 !
b1101 "
1&
1#
#7188
0&
0#
#7191
b1111111110000000 !
b11110 "
1&
1#
#7194
0&
0#
#7197
b110110 !
b100110 "
1&
1#
#7200
0&
0#
#7203
b1111111111010100 !
b1111111111010101 "
1&
1#
#7206
0&
0#
#7209
b1111111111110011 !
b1111111110011100 "
1&
1#
#7212
0&
0#
#7215
b1111111111001111 !
b1111111101011011 "
1&
1#
#7218
0&
0#
#7221
b11001 !
b1111111101110010 "
1&
1#
#7224
0&
0#
#7227
b10011011 !
1&
1#
#7230
0&
0#
#7233
b1111101 !
b1111111111000101 "
1&
1#
#7236
0&
0#
#7239
b1111111111100101 !
b1111111110111110 "
1&
1#
#7242
0&
0#
#7245
b1111111110101101 !
b1111111110110011 "
1&
1#
#7248
0&
0#
#7251
b10100100 !
b1111111111101101 "
1&
1#
#7254
0&
0#
#7257
b1011001 !
b1111111110111010 "
1&
1#
#7260
0&
0#
#7263
b1101000 !
b101110 "
1&
1#
#7266
0&
0#
#7269
b101010 !
b1111111111100100 "
1&
1#
#7272
0&
0#
#7275
b1110111 !
b1111111111000001 "
1&
1#
#7278
0&
0#
#7281
b1011000 !
b1111111101100101 "
1&
1#
#7284
0&
0#
#7287
b1000001 !
b1111111101100110 "
1&
1#
#7290
0&
0#
#7293
b110001 !
b1111111110001000 "
1&
1#
#7296
0&
0#
#7299
b1000000 !
b1111111111000011 "
1&
1#
#7302
0&
0#
#7305
b1010100 !
1&
1#
#7308
0&
0#
#7311
b111111 !
b1111111111000100 "
1&
1#
#7314
0&
0#
#7317
b100000 !
b1111111111000000 "
1&
1#
#7320
0&
0#
#7323
b100111 !
b1111111111001110 "
1&
1#
#7326
0&
0#
#7329
b1111 !
b1111111111001101 "
1&
1#
#7332
0&
0#
#7335
b1111111111100101 !
b1111111111111111 "
1&
1#
#7338
0&
0#
#7341
b1111111111000100 !
b1111111101110010 "
1&
1#
#7344
0&
0#
#7347
b1111111111011100 !
b1111111101001110 "
1&
1#
#7350
0&
0#
#7353
b1111111111001000 !
b1111111101000011 "
1&
1#
#7356
0&
0#
#7359
b1111111111001100 !
b1111111101110001 "
1&
1#
#7362
0&
0#
#7365
b1111111111000111 !
b1111111111000011 "
1&
1#
#7368
0&
0#
#7371
b1111111111101001 !
b1111111111011010 "
1&
1#
#7374
0&
0#
#7377
b1111111111101101 !
b1111111110100110 "
1&
1#
#7380
0&
0#
#7383
b10001 !
b1111111110011110 "
1&
1#
#7386
0&
0#
#7389
b111011 !
b1111111110001011 "
1&
1#
#7392
0&
0#
#7395
b110001 !
b1111111111100110 "
1&
1#
#7398
0&
0#
#7401
b101110 !
b1111111110010001 "
1&
1#
#7404
0&
0#
#7407
b1001110 !
b1111111101010110 "
1&
1#
#7410
0&
0#
#7413
b110111 !
b1111111101101110 "
1&
1#
#7416
0&
0#
#7419
b10101 !
b1111111100101011 "
1&
1#
#7422
0&
0#
#7425
b1111111111101110 !
b1111111101100100 "
1&
1#
#7428
0&
0#
#7431
b1111111111110111 !
b1111111110110001 "
1&
1#
#7434
0&
0#
#7437
b1111111110111110 !
b1111111111000110 "
1&
1#
#7440
0&
0#
#7443
b1111111110111111 !
b1111111101100010 "
1&
1#
#7446
0&
0#
#7449
b1111111111001111 !
b1111111110011000 "
1&
1#
#7452
0&
0#
#7455
b1111111111000100 !
b1111111110000101 "
1&
1#
#7458
0&
0#
#7461
b1111111110101101 !
b1111111101111111 "
1&
1#
#7464
0&
0#
#7467
b1111111110101001 !
b1111111110000101 "
1&
1#
#7470
0&
0#
#7473
b1111111111000100 !
b1111111111001110 "
1&
1#
#7476
0&
0#
#7479
b1111111110101100 !
b1111111101101100 "
1&
1#
#7482
0&
0#
#7485
b1111111111001001 !
b1111111110111001 "
1&
1#
#7488
0&
0#
#7491
b1111111111101001 !
b1111111111011100 "
1&
1#
#7494
0&
0#
#7497
b1111111111001101 !
b1111111110101100 "
1&
1#
#7500
0&
0#
#7503
b1111111111010100 !
b1111111111110011 "
1&
1#
#7506
0&
0#
#7509
b1111111111111010 !
b1111111110010100 "
1&
1#
#7512
0&
0#
#7515
b1110 !
b10 "
1&
1#
#7518
0&
0#
#7521
b10 !
b1111111101111001 "
1&
1#
#7524
0&
0#
#7527
b1 !
b10101 "
1&
1#
#7530
0&
0#
#7533
b1000 !
b1111111110010010 "
1&
1#
#7536
0&
0#
#7539
b100001 !
b1111111111001100 "
1&
1#
#7542
0&
0#
#7545
b101101 !
b1111111111110000 "
1&
1#
#7548
0&
0#
#7551
b111101 !
b1111111110111010 "
1&
1#
#7554
0&
0#
#7557
b101101 !
b1111111111001001 "
1&
1#
#7560
0&
0#
#7563
b111101 !
b1111111110111001 "
1&
1#
#7566
0&
0#
#7569
b1000010 !
b1111111111000110 "
1&
1#
#7572
0&
0#
#7575
b100011 !
b1111111111101101 "
1&
1#
#7578
0&
0#
#7581
b11011 !
b1111111111111111 "
1&
1#
#7584
0&
0#
#7587
b101110 !
b1 "
1&
1#
#7590
0&
0#
#7593
b110101 !
b101011 "
1&
1#
#7596
0&
0#
#7599
b1001 !
b1100001 "
1&
1#
#7602
0&
0#
#7605
b101110 !
b111110 "
1&
1#
#7608
0&
0#
#7611
b11000 !
b1010011 "
1&
1#
#7614
0&
0#
#7617
b1111111111100011 !
b1011101 "
1&
1#
#7620
0&
0#
#7623
b1111111111100010 !
b110000 "
1&
1#
#7626
0&
0#
#7629
b1111111111001111 !
b1101000 "
1&
1#
#7632
0&
0#
#7635
b1111111111010110 !
b1100011 "
1&
1#
#7638
0&
0#
#7641
b1111111111000110 !
b1010111 "
1&
1#
#7644
0&
0#
#7647
b1111111111101011 !
b1001101 "
1&
1#
#7650
0&
0#
#7653
b1111111111100010 !
b1100111 "
1&
1#
#7656
0&
0#
#7659
b1111111111110001 !
b100111 "
1&
1#
#7662
0&
0#
#7665
b10 !
b110101 "
1&
1#
#7668
0&
0#
#7671
b1111111111111110 !
b1111111110111000 "
1&
1#
#7674
0&
0#
#7677
b10100 !
b1111111111100101 "
1&
1#
#7680
0&
0#
#7683
b1111111111011000 !
b1111111111111000 "
1&
1#
#7686
0&
0#
#7689
b1111111111011101 !
b1111111110100001 "
1&
1#
#7692
0&
0#
#7695
b1111111111011111 !
b1111111110011110 "
1&
1#
#7698
0&
0#
#7701
b1111111111011010 !
b1111111101111101 "
1&
1#
#7704
0&
0#
#7707
b1111111111001110 !
b1111111111010001 "
1&
1#
#7710
0&
0#
#7713
b1111111110100110 !
b1111111110010010 "
1&
1#
#7716
0&
0#
#7719
b1111111110001101 !
b1111111111110110 "
1&
1#
#7722
0&
0#
#7725
b1111111110000110 !
b1111111101100101 "
1&
1#
#7728
0&
0#
#7731
b1111111110010100 !
b1111111110001101 "
1&
1#
#7734
0&
0#
#7737
b1111111101111010 !
b1111111110010110 "
1&
1#
#7740
0&
0#
#7743
b1111111101100100 !
b1111111110011010 "
1&
1#
#7746
0&
0#
#7749
b1111111101100011 !
b1111111110111101 "
1&
1#
#7752
0&
0#
#7755
b1111111110001010 !
b1111111110100011 "
1&
1#
#7758
0&
0#
#7761
b1111111111000110 !
b1111111110100100 "
1&
1#
#7764
0&
0#
#7767
b1111111111011001 !
b1111111110100010 "
1&
1#
#7770
0&
0#
#7773
b10001 !
b1111111111011100 "
1&
1#
#7776
0&
0#
#7779
b1110 !
b1111111111011110 "
1&
1#
#7782
0&
0#
#7785
b1111 !
b1111111111010101 "
1&
1#
#7788
0&
0#
#7791
b110010 !
b0 "
1&
1#
#7794
0&
0#
#7797
b110011 !
b111 "
1&
1#
#7800
0&
0#
#7803
b1111111111100111 !
b101011 "
1&
1#
#7806
0&
0#
#7809
b11 !
b11100 "
1&
1#
#7812
0&
0#
#7815
b100100 !
b110110 "
1&
1#
#7818
0&
0#
#7821
b1 !
b100001 "
1&
1#
#7824
0&
0#
#7827
b1001 !
b11011 "
1&
1#
#7830
0&
0#
#7833
b1111 !
b11 "
1&
1#
#7836
0&
0#
#7839
b11101 !
b1111111111110100 "
1&
1#
#7842
0&
0#
#7845
b110011 !
b1111111111011101 "
1&
1#
#7848
0&
0#
#7851
b1111111111101101 !
b1111111110111101 "
1&
1#
#7854
0&
0#
#7857
b1111111111011101 !
b1111111110111001 "
1&
1#
#7860
0&
0#
#7863
b1111111110110011 "
1&
1#
#7866
0&
0#
#7869
b1111111111101111 !
b1111111110111111 "
1&
1#
#7872
0&
0#
#7875
b1111111111011010 !
b1111111111011010 "
1&
1#
#7878
0&
0#
#7881
b1111111110011001 !
b1111111111011100 "
1&
1#
#7884
0&
0#
#7887
b1111111110011010 !
b1010 "
1&
1#
#7890
0&
0#
#7893
b1111111110110101 !
b11001 "
1&
1#
#7896
0&
0#
#7899
b1111111110110100 !
b1001000 "
1&
1#
#7902
0&
0#
#7905
b1111111110100011 !
1&
1#
#7908
0&
0#
#7911
b1111111110011011 !
b1001101 "
1&
1#
#7914
0&
0#
#7917
b1111111111000111 !
b1011001 "
1&
1#
#7920
0&
0#
#7923
b1111111111000000 !
b1000110 "
1&
1#
#7926
0&
0#
#7929
b1111111110111000 !
b1001111 "
1&
1#
#7932
0&
0#
#7935
b1111111111110000 !
b1001011 "
1&
1#
#7938
0&
0#
#7941
b1111111111101100 !
b1001101 "
1&
1#
#7944
0&
0#
#7947
b1111111111100001 !
b101000 "
1&
1#
#7950
0&
0#
#7953
b1111111111111010 !
b11000 "
1&
1#
#7956
0&
0#
#7959
b101 !
b100010 "
1&
1#
#7962
0&
0#
#7965
b1111111111110101 !
b100 "
1&
1#
#7968
0&
0#
#7971
b1111111111111000 !
b1000 "
1&
1#
#7974
0&
0#
#7977
b1111111111111100 !
b1111111111111110 "
1&
1#
#7980
0&
0#
#7983
b1 !
b1111111111100101 "
1&
1#
#7986
0&
0#
#7989
b1111111111111111 !
b1111111111011010 "
1&
1#
#7992
0&
0#
#7995
b1111111111110100 !
b1111111111100001 "
1&
1#
#7998
0&
0#
#8001
b11101 !
b1111111111010001 "
1&
1#
#8004
0&
0#
#8007
b10001 !
b1111111111001110 "
1&
1#
#8010
0&
0#
#8013
b1001 !
b1111111111000001 "
1&
1#
#8016
0&
0#
#8019
b1111111111110001 !
b1111111110111001 "
1&
1#
#8022
0&
0#
#8025
b1111111111110011 !
b1111111110110100 "
1&
1#
#8028
0&
0#
#8031
b1111111111001100 !
b1111111110111110 "
1&
1#
#8034
0&
0#
#8037
b1111111111010010 !
b1111111111001011 "
1&
1#
#8040
0&
0#
#8043
b1111111111001111 !
b1111111111000000 "
1&
1#
#8046
0&
0#
#8049
b1111111111001011 !
b1111111111010001 "
1&
1#
#8052
0&
0#
#8055
b1111111111001101 !
b1111111111010100 "
1&
1#
#8058
0&
0#
#8061
b1111111111001010 !
b1111111111101001 "
1&
1#
#8064
0&
0#
#8067
b1111111110110110 !
b1111111111011110 "
1&
1#
#8070
0&
0#
#8073
b1111111111010001 !
b1111111111111011 "
1&
1#
#8076
0&
0#
#8079
b1111111111010101 !
b1011 "
1&
1#
#8082
0&
0#
#8085
b1111111111100011 !
b110 "
1&
1#
#8088
0&
0#
#8091
b1111111111100001 !
b110011 "
1&
1#
#8094
0&
0#
#8097
b1111111111101010 !
b10111 "
1&
1#
#8100
0&
0#
#8103
b1000 !
b100111 "
1&
1#
#8106
0&
0#
#8109
b1110101 !
b10000 "
1&
1#
#8112
0&
0#
#8115
b1111110 !
b1111 "
1&
1#
#8118
0&
0#
#8121
b1010111 !
b1011 "
1&
1#
#8124
0&
0#
#8127
b10001011 !
b1111111111111110 "
1&
1#
#8130
0&
0#
#8133
b10101000 !
b1101 "
1&
1#
#8136
0&
0#
#8139
b1101000 !
b1111111111101001 "
1&
1#
#8142
0&
0#
#8145
b1011000 !
b11010 "
1&
1#
#8148
0&
0#
#8151
b11110 "
1&
1#
#8154
0&
0#
#8157
b1010010 !
b1000000 "
1&
1#
#8160
0&
0#
#8163
b100001 !
b1010101 "
1&
1#
#8166
0&
0#
#8169
b1111111111101111 !
1&
1#
#8172
0&
0#
#8175
b1111111111101100 !
b1111101 "
1&
1#
#8178
0&
0#
#8181
b11100 !
b10001011 "
1&
1#
#8184
0&
0#
#8187
b1111111111111110 !
b10110010 "
1&
1#
#8190
0&
0#
#8193
b1111111111101001 !
b10101000 "
1&
1#
#8196
0&
0#
#8199
b1111111111001100 !
b10011010 "
1&
1#
#8202
0&
0#
#8205
b1111111111001011 !
b10000001 "
1&
1#
#8208
0&
0#
#8211
b1111111111000001 !
b1110011 "
1&
1#
#8214
0&
0#
#8217
b1111111110111000 !
b1110100 "
1&
1#
#8220
0&
0#
#8223
b1111111111001010 !
b1001000 "
1&
1#
#8226
0&
0#
#8229
b1111111110111100 !
b11010 "
1&
1#
#8232
0&
0#
#8235
b1111111111011111 !
b1111111111011100 "
1&
1#
#8238
0&
0#
#8241
b1111111111100011 !
b1111111111011101 "
1&
1#
#8244
0&
0#
#8247
b101010 !
b1111111111001011 "
1&
1#
#8250
0&
0#
#8253
b10001110 !
b1111111111000111 "
1&
1#
#8256
0&
0#
#8259
b1101110 !
b1111111111010101 "
1&
1#
#8262
0&
0#
#8265
b10000011 !
b1111111111100011 "
1&
1#
#8268
0&
0#
#8271
b11000010 !
1&
1#
#8274
0&
0#
#8277
b10011011 !
b1111111111110010 "
1&
1#
#8280
0&
0#
#8283
b1100100 !
b0 "
1&
1#
#8286
0&
0#
#8289
b10001010 !
b1111111111101001 "
1&
1#
#8292
0&
0#
#8295
b100001 !
b1111111111111101 "
1&
1#
#8298
0&
0#
#8301
b1111111111111111 !
b1111111111111001 "
1&
1#
#8304
0&
0#
#8307
b1111111110011110 !
b1111111111100010 "
1&
1#
#8310
0&
0#
#8313
b1111111110000100 !
b10011 "
1&
1#
#8316
0&
0#
#8319
b1111111110110001 !
b10100 "
1&
1#
#8322
0&
0#
#8325
b1111111111000011 !
b101110 "
1&
1#
#8328
0&
0#
#8331
b1111111110110011 !
b111110 "
1&
1#
#8334
0&
0#
#8337
b1111111111101100 !
b1000100 "
1&
1#
#8340
0&
0#
#8343
b10 !
b1010011 "
1&
1#
#8346
0&
0#
#8349
b11011 !
b1011101 "
1&
1#
#8352
0&
0#
#8355
b11001 !
b1110100 "
1&
1#
#8358
0&
0#
#8361
b101101 !
b1101110 "
1&
1#
#8364
0&
0#
#8367
b10001000 !
b1011001 "
1&
1#
#8370
0&
0#
#8373
b1000010 !
b1000000 "
1&
1#
#8376
0&
0#
#8379
b1010111 !
b111101 "
1&
1#
#8382
0&
0#
#8385
b110000 !
b1001111 "
1&
1#
#8388
0&
0#
#8391
b10010 !
b110011 "
1&
1#
#8394
0&
0#
#8397
b1111111111111111 !
b1011 "
1&
1#
#8400
0&
0#
#8403
b1111111111101111 !
b11000 "
1&
1#
#8406
0&
0#
#8409
b1111111111011001 !
b110 "
1&
1#
#8412
0&
0#
#8415
b1111111111000101 !
b1111111111111101 "
1&
1#
#8418
0&
0#
#8421
b1111111110111010 !
b11 "
1&
1#
#8424
0&
0#
#8427
b1111111110110110 !
b1111111111111111 "
1&
1#
#8430
0&
0#
#8433
b1111111111010100 !
b1111111111111011 "
1&
1#
#8436
0&
0#
#8439
b1111111111110111 !
1&
1#
#8442
0&
0#
#8445
b1100 !
b1111111111110111 "
1&
1#
#8448
0&
0#
#8451
b100110 !
b1111111111110011 "
1&
1#
#8454
0&
0#
#8457
b1011011 !
b1010 "
1&
1#
#8460
0&
0#
#8463
b1101101 !
b1111111111101110 "
1&
1#
#8466
0&
0#
#8469
b10011111 !
b1 "
1&
1#
#8472
0&
0#
#8475
b11000011 !
b1111111111111111 "
1&
1#
#8478
0&
0#
#8481
b10110100 !
b1111 "
1&
1#
#8484
0&
0#
#8487
b1110101 !
b10011 "
1&
1#
#8490
0&
0#
#8493
b1100010 !
b101100 "
1&
1#
#8496
0&
0#
#8499
b100110 !
b110000 "
1&
1#
#8502
0&
0#
#8505
b11111 !
b110111 "
1&
1#
#8508
0&
0#
#8511
b1111111111100110 !
b111111 "
1&
1#
#8514
0&
0#
#8517
b1111111111010011 !
b101111 "
1&
1#
#8520
0&
0#
#8523
b1111111111011010 !
b111001 "
1&
1#
#8526
0&
0#
#8529
b1111111111101111 !
b111010 "
1&
1#
#8532
0&
0#
#8535
b1111111111111011 !
b101010 "
1&
1#
#8538
0&
0#
#8541
b11010 !
b101110 "
1&
1#
#8544
0&
0#
#8547
b101100 !
b100 "
1&
1#
#8550
0&
0#
#8553
b1111111111111100 !
b1111111111101101 "
1&
1#
#8556
0&
0#
#8559
b1000 !
b1111111111100000 "
1&
1#
#8562
0&
0#
#8565
b1111111111100011 !
b1111111111000111 "
1&
1#
#8568
0&
0#
#8571
b1111111111001001 !
b1111111110010011 "
1&
1#
#8574
0&
0#
#8577
b1111111111010100 !
b1111111101111110 "
1&
1#
#8580
0&
0#
#8583
b1111111110110110 !
b1111111101101000 "
1&
1#
#8586
0&
0#
#8589
b1111111110011101 !
b1111111101010101 "
1&
1#
#8592
0&
0#
#8595
b1111111110100111 !
b1111111101101110 "
1&
1#
#8598
0&
0#
#8601
b1111111110101101 !
b1111111101111010 "
1&
1#
#8604
0&
0#
#8607
b1111111110101100 !
b1111111110000010 "
1&
1#
#8610
0&
0#
#8613
b1111111110110001 !
b1111111110101111 "
1&
1#
#8616
0&
0#
#8619
b1111111110110111 !
b1111111110110011 "
1&
1#
#8622
0&
0#
#8625
b1111111110101001 !
b1111111111001101 "
1&
1#
#8628
0&
0#
#8631
b1111111110011110 !
b1111111111101011 "
1&
1#
#8634
0&
0#
#8637
b1111111111001001 !
b10000 "
1&
1#
#8640
0&
0#
#8643
b1111111110110101 !
b10 "
1&
1#
#8646
0&
0#
#8649
b1111111101111000 !
b100000 "
1&
1#
#8652
0&
0#
#8655
b1111111101110111 !
b10011 "
1&
1#
#8658
0&
0#
#8661
b1111111110101010 !
b11011 "
1&
1#
#8664
0&
0#
#8667
b1111111110101000 !
b110000 "
1&
1#
#8670
0&
0#
#8673
b1111111110011101 !
b111000 "
1&
1#
#8676
0&
0#
#8679
b1111111110101011 !
b111111 "
1&
1#
#8682
0&
0#
#8685
b1111111111010011 !
b11001 "
1&
1#
#8688
0&
0#
#8691
b1001 !
b10000 "
1&
1#
#8694
0&
0#
#8697
b1111111111011101 !
b1111111111110011 "
1&
1#
#8700
0&
0#
#8703
b1111111111101001 !
b1111111111101100 "
1&
1#
#8706
0&
0#
#8709
b1010 !
b1111111110110000 "
1&
1#
#8712
0&
0#
#8715
b1111111111101011 !
b1111111101101110 "
1&
1#
#8718
0&
0#
#8721
b1111111111010010 !
b1111111101101010 "
1&
1#
#8724
0&
0#
#8727
b1111111111111001 !
b1111111101000001 "
1&
1#
#8730
0&
0#
#8733
b1001111 !
b1111111101001010 "
1&
1#
#8736
0&
0#
#8739
b110111 !
b1111111101100101 "
1&
1#
#8742
0&
0#
#8745
b1111111111101100 !
b1111111110001001 "
1&
1#
#8748
0&
0#
#8751
b1 !
b1111111110101001 "
1&
1#
#8754
0&
0#
#8757
b1000101 !
b1111111111110101 "
1&
1#
#8760
0&
0#
#8763
b110010 !
b1111111111110001 "
1&
1#
#8766
0&
0#
#8769
b1111111110110100 !
b111010 "
1&
1#
#8772
0&
0#
#8775
b1111111111001101 !
b1101001 "
1&
1#
#8778
0&
0#
#8781
b1111111111110100 !
b1010100 "
1&
1#
#8784
0&
0#
#8787
b10101 !
b111011 "
1&
1#
#8790
0&
0#
#8793
b1111111111100000 !
b111100 "
1&
1#
#8796
0&
0#
#8799
b1111111111001101 !
b1111111111110100 "
1&
1#
#8802
0&
0#
#8805
b1111111111001110 !
b1111111111100101 "
1&
1#
#8808
0&
0#
#8811
b10111 !
b1111111111001111 "
1&
1#
#8814
0&
0#
#8817
b1111111111010101 !
b1111111110101011 "
1&
1#
#8820
0&
0#
#8823
b1111111110011001 !
b1111111110101001 "
1&
1#
#8826
0&
0#
#8829
b1111111110100011 !
b1111111110000011 "
1&
1#
#8832
0&
0#
#8835
b1111111111011101 !
b1111111110101110 "
1&
1#
#8838
0&
0#
#8841
b1000001 !
b1111111110010110 "
1&
1#
#8844
0&
0#
#8847
b111 !
b1111111111010110 "
1&
1#
#8850
0&
0#
#8853
b1111111111101110 !
b1111111111101111 "
1&
1#
#8856
0&
0#
#8859
b10111 !
b101 "
1&
1#
#8862
0&
0#
#8865
b1001000 !
b11111 "
1&
1#
#8868
0&
0#
#8871
b1001011 !
b100000 "
1&
1#
#8874
0&
0#
#8877
b1111111111111101 !
b110110 "
1&
1#
#8880
0&
0#
#8883
b1111111111110110 !
b110010 "
1&
1#
#8886
0&
0#
#8889
b100110 !
b111101 "
1&
1#
#8892
0&
0#
#8895
b1011 !
b10110 "
1&
1#
#8898
0&
0#
#8901
b1111111111110010 !
b1111111111110100 "
1&
1#
#8904
0&
0#
#8907
b1111 !
b1111111111001011 "
1&
1#
#8910
0&
0#
#8913
b10001 !
b1111111110010111 "
1&
1#
#8916
0&
0#
#8919
b110000 !
b1111111101110111 "
1&
1#
#8922
0&
0#
#8925
b1001100 !
b1111111101101011 "
1&
1#
#8928
0&
0#
#8931
b100000 !
b1111111101001001 "
1&
1#
#8934
0&
0#
#8937
b1100 !
b1111111101000101 "
1&
1#
#8940
0&
0#
#8943
b11000 !
b1111111101001100 "
1&
1#
#8946
0&
0#
#8949
b101011 !
b1111111101101010 "
1&
1#
#8952
0&
0#
#8955
b11 !
b1111111110001111 "
1&
1#
#8958
0&
0#
#8961
b1111111111110001 !
b1111111111001101 "
1&
1#
#8964
0&
0#
#8967
b1111111111101100 !
b1111111111010110 "
1&
1#
#8970
0&
0#
#8973
b1111111111111000 !
b1111111111110110 "
1&
1#
#8976
0&
0#
#8979
b1000001 !
b1111111111111110 "
1&
1#
#8982
0&
0#
#8985
b10000000 !
b1111 "
1&
1#
#8988
0&
0#
#8991
b1111110 !
b10101 "
1&
1#
#8994
0&
0#
#8997
b1101001 !
b100 "
1&
1#
#9000
0&
0#
#9003
b10011110 !
b1111111111110010 "
1&
1#
#9006
0&
0#
#9009
b10100101 !
b1111111111011010 "
1&
1#
#9012
0&
0#
#9015
b100101 !
b1111111111110101 "
1&
1#
#9018
0&
0#
#9021
b1101010 !
b1111111111110011 "
1&
1#
#9024
0&
0#
#9027
b1010010 !
b100111 "
1&
1#
#9030
0&
0#
#9033
b110101 !
b110101 "
1&
1#
#9036
0&
0#
#9039
b101000 !
b110000 "
1&
1#
#9042
0&
0#
#9045
b1100 !
b1011101 "
1&
1#
#9048
0&
0#
#9051
b1111111111111110 !
b1011010 "
1&
1#
#9054
0&
0#
#9057
b1111111111111101 !
b1100001 "
1&
1#
#9060
0&
0#
#9063
b1111111111110010 !
b1110101 "
1&
1#
#9066
0&
0#
#9069
b1111111110111000 !
b1101100 "
1&
1#
#9072
0&
0#
#9075
b1111111110010101 !
b1010011 "
1&
1#
#9078
0&
0#
#9081
b1111111110100000 !
b1010111 "
1&
1#
#9084
0&
0#
#9087
b1111111111110101 !
b1101100 "
1&
1#
#9090
0&
0#
#9093
b1111111110110111 !
b1110001 "
1&
1#
#9096
0&
0#
#9099
b1111111101111110 !
b1100101 "
1&
1#
#9102
0&
0#
#9105
b1111111110010111 !
b1110000 "
1&
1#
#9108
0&
0#
#9111
b1111111111000111 !
b1110001 "
1&
1#
#9114
0&
0#
#9117
b1111111111010000 !
b1110011 "
1&
1#
#9120
0&
0#
#9123
b1111111110100001 !
b1111011 "
1&
1#
#9126
0&
0#
#9129
b1111111101110000 !
b1101111 "
1&
1#
#9132
0&
0#
#9135
b1111111110111111 !
b1001101 "
1&
1#
#9138
0&
0#
#9141
b1111111111111010 !
b101110 "
1&
1#
#9144
0&
0#
#9147
b1111111111011101 !
b111001 "
1&
1#
#9150
0&
0#
#9153
b1111111111001110 !
b100000 "
1&
1#
#9156
0&
0#
#9159
b1111111111010001 !
b11011 "
1&
1#
#9162
0&
0#
#9165
b1111111111101111 !
b1111111111110001 "
1&
1#
#9168
0&
0#
#9171
b1111111111001111 !
b1111111111101010 "
1&
1#
#9174
0&
0#
#9177
b1111111110101100 !
b10 "
1&
1#
#9180
0&
0#
#9183
b1111111110111001 !
b1111111111111111 "
1&
1#
#9186
0&
0#
#9189
b1111111111000111 !
b1111111111111110 "
1&
1#
#9192
0&
0#
#9195
b1111111111101111 !
b1111111111011111 "
1&
1#
#9198
0&
0#
#9201
b1111111111100010 !
b1111111111011011 "
1&
1#
#9204
0&
0#
#9207
b1111111110110101 !
b1111111111011101 "
1&
1#
#9210
0&
0#
#9213
b1111111110111001 !
b1111111111110011 "
1&
1#
#9216
0&
0#
#9219
b1111111111101010 !
b1111111111111101 "
1&
1#
#9222
0&
0#
#9225
b1111111111010000 !
b1111111111101010 "
1&
1#
#9228
0&
0#
#9231
b1111111110111110 !
b1011 "
1&
1#
#9234
0&
0#
#9237
b1111111111010001 !
b10 "
1&
1#
#9240
0&
0#
#9243
b1111111111100100 !
b101010 "
1&
1#
#9246
0&
0#
#9249
b1111111111100111 !
b11111 "
1&
1#
#9252
0&
0#
#9255
b1111111111101101 !
b100001 "
1&
1#
#9258
0&
0#
#9261
b11111 "
1&
1#
#9264
0&
0#
#9267
b1111111111011100 !
b101110 "
1&
1#
#9270
0&
0#
#9273
b1111111111001111 !
b11010 "
1&
1#
#9276
0&
0#
#9279
b1111111111101011 !
b110011 "
1&
1#
#9282
0&
0#
#9285
b1111111111110001 !
b100001 "
1&
1#
#9288
0&
0#
#9291
b0 !
b10111 "
1&
1#
#9294
0&
0#
#9297
b1001 !
b110000 "
1&
1#
#9300
0&
0#
#9303
b1111111111111111 !
b1111111111111101 "
1&
1#
#9306
0&
0#
#9309
b1111111111011011 !
b1111111111101100 "
1&
1#
#9312
0&
0#
#9315
b1111111111111011 !
b1111111111000101 "
1&
1#
#9318
0&
0#
#9321
b1111111111011101 !
b1111111111010001 "
1&
1#
#9324
0&
0#
#9327
b1111111110110011 !
b1111111111100000 "
1&
1#
#9330
0&
0#
#9333
b1111111111000100 !
b1111111111001010 "
1&
1#
#9336
0&
0#
#9339
b1111111111010010 !
b1111111111001111 "
1&
1#
#9342
0&
0#
#9345
b1111111111101001 !
b1111111111001101 "
1&
1#
#9348
0&
0#
#9351
b1111111111001000 !
b1111111111100111 "
1&
1#
#9354
0&
0#
#9357
b1111111111111010 !
b1111111111111010 "
1&
1#
#9360
0&
0#
#9363
b11000 !
b1111111111101110 "
1&
1#
#9366
0&
0#
#9369
b111010 !
b1111111111011100 "
1&
1#
#9372
0&
0#
#9375
b101010 !
b1111111111100100 "
1&
1#
#9378
0&
0#
#9381
b11011 !
b1111111111010110 "
1&
1#
#9384
0&
0#
#9387
b111101 !
b1111111111000111 "
1&
1#
#9390
0&
0#
#9393
b1010011 !
b1111111111010001 "
1&
1#
#9396
0&
0#
#9399
b111011 !
b1111111111001000 "
1&
1#
#9402
0&
0#
#9405
b10001 !
b1111111111011101 "
1&
1#
#9408
0&
0#
#9411
b1111111111110010 "
1&
1#
#9414
0&
0#
#9417
b11010 !
b1111111111100011 "
1&
1#
#9420
0&
0#
#9423
b100110 !
b1111111111001111 "
1&
1#
#9426
0&
0#
#9429
b110100 !
b1111111111011101 "
1&
1#
#9432
0&
0#
#9435
b110101 !
b1111111111011011 "
1&
1#
#9438
0&
0#
#9441
b10111 !
b1111111110100111 "
1&
1#
#9444
0&
0#
#9447
b110110 !
b1111111110001111 "
1&
1#
#9450
0&
0#
#9453
b1001010 !
b1111111101101001 "
1&
1#
#9456
0&
0#
#9459
b1011011 !
b1111111101010011 "
1&
1#
#9462
0&
0#
#9465
b110011 !
b1111111101100100 "
1&
1#
#9468
0&
0#
#9471
b110110 !
b1111111101100010 "
1&
1#
#9474
0&
0#
#9477
b110111 !
b1111111110001011 "
1&
1#
#9480
0&
0#
#9483
b1111111101110001 "
1&
1#
#9486
0&
0#
#9489
b101001 !
b1111111110110101 "
1&
1#
#9492
0&
0#
#9495
b101101 !
b1111111110110000 "
1&
1#
#9498
0&
0#
#9501
b101001 !
b1111111111001100 "
1&
1#
#9504
0&
0#
#9507
b110110 !
b1 "
1&
1#
#9510
0&
0#
#9513
b1011011 !
b1100 "
1&
1#
#9516
0&
0#
#9519
b1001000 !
b100010 "
1&
1#
#9522
0&
0#
#9525
b1011101 !
b100101 "
1&
1#
#9528
0&
0#
#9531
b1010100 !
b1000011 "
1&
1#
#9534
0&
0#
#9537
b1000100 !
b1010001 "
1&
1#
#9540
0&
0#
#9543
b1101111 "
1&
1#
#9546
0&
0#
#9549
b111000 !
b1011010 "
1&
1#
#9552
0&
0#
#9555
b101000 !
b1011000 "
1&
1#
#9558
0&
0#
#9561
b1111111111100111 !
b1010000 "
1&
1#
#9564
0&
0#
#9567
b1111111111111111 !
b1011010 "
1&
1#
#9570
0&
0#
#9573
b1111111111110010 !
b1111001 "
1&
1#
#9576
0&
0#
#9579
b10 !
b1011101 "
1&
1#
#9582
0&
0#
#9585
b1111111111101100 !
b110110 "
1&
1#
#9588
0&
0#
#9591
b1111111111001011 !
b111010 "
1&
1#
#9594
0&
0#
#9597
b1111111111000011 !
b1001001 "
1&
1#
#9600
0&
0#
#9603
b1111111111010101 !
b1010000 "
1&
1#
#9606
0&
0#
#9609
b1111111110110011 !
b111111 "
1&
1#
#9612
0&
0#
#9615
b1111111110011111 !
b1100 "
1&
1#
#9618
0&
0#
#9621
b1111111110101101 !
b101001 "
1&
1#
#9624
0&
0#
#9627
b1111111111010110 !
b111011 "
1&
1#
#9630
0&
0#
#9633
b1111111110101000 !
1&
1#
#9636
0&
0#
#9639
b1111111110110010 !
b110101 "
1&
1#
#9642
0&
0#
#9645
b1111111111010111 !
b111100 "
1&
1#
#9648
0&
0#
#9651
b1111111111100011 !
b1010010 "
1&
1#
#9654
0&
0#
#9657
b1111111111101111 !
b110110 "
1&
1#
#9660
0&
0#
#9663
b1111111111100000 !
b111011 "
1&
1#
#9666
0&
0#
#9669
b1100 !
b110110 "
1&
1#
#9672
0&
0#
#9675
b100101 !
b111011 "
1&
1#
#9678
0&
0#
#9681
b1011110 !
b110111 "
1&
1#
#9684
0&
0#
#9687
b1001110 !
b111110 "
1&
1#
#9690
0&
0#
#9693
b1111111111111001 !
b100001 "
1&
1#
#9696
0&
0#
#9699
b100001 !
b11100 "
1&
1#
#9702
0&
0#
#9705
b101011 !
b110010 "
1&
1#
#9708
0&
0#
#9711
b1111111111100100 !
b101000 "
1&
1#
#9714
0&
0#
#9717
b1111111111100010 !
b11000 "
1&
1#
#9720
0&
0#
#9723
b1111111111101011 !
b10010 "
1&
1#
#9726
0&
0#
#9729
b1111111111001100 !
b1101 "
1&
1#
#9732
0&
0#
#9735
b1111111111000010 !
b10110 "
1&
1#
#9738
0&
0#
#9741
b1111111111001010 !
b10111 "
1&
1#
#9744
0&
0#
#9747
b1111111110110100 !
1&
1#
#9750
0&
0#
#9753
b1111111110111111 !
b1111111111111001 "
1&
1#
#9756
0&
0#
#9759
b1111111110111010 !
b110 "
1&
1#
#9762
0&
0#
#9765
b1111111111001001 !
b111 "
1&
1#
#9768
0&
0#
#9771
b1111111111001000 !
b11111 "
1&
1#
#9774
0&
0#
#9777
b1111111111110100 !
b10101 "
1&
1#
#9780
0&
0#
#9783
b1111111111100101 !
b101110 "
1&
1#
#9786
0&
0#
#9789
b1111111111110110 !
b110000 "
1&
1#
#9792
0&
0#
#9795
b11101 !
b100100 "
1&
1#
#9798
0&
0#
#9801
b100111 !
b110110 "
1&
1#
#9804
0&
0#
#9807
b1011100 !
b11001 "
1&
1#
#9810
0&
0#
#9813
b1110001 !
b10100 "
1&
1#
#9816
0&
0#
#9819
b1111100 !
b1111111111110100 "
1&
1#
#9822
0&
0#
#9825
b10001010 !
b1111111111100110 "
1&
1#
#9828
0&
0#
#9831
b10010000 !
b1111111111000010 "
1&
1#
#9834
0&
0#
#9837
b10000001 !
b1111111110110111 "
1&
1#
#9840
0&
0#
#9843
b1110100 !
b1111111111000000 "
1&
1#
#9846
0&
0#
#9849
b110101 !
b1111111110110001 "
1&
1#
#9852
0&
0#
#9855
b11110 !
b1111111111000111 "
1&
1#
#9858
0&
0#
#9861
b1100 !
b1111111110111001 "
1&
1#
#9864
0&
0#
#9867
b1111111111101110 !
b1111111111000011 "
1&
1#
#9870
0&
0#
#9873
b1111111111010100 !
b1111111111001111 "
1&
1#
#9876
0&
0#
#9879
b1111111111000110 !
b1111111111011100 "
1&
1#
#9882
0&
0#
#9885
b1111111110110101 !
b1111111111011010 "
1&
1#
#9888
0&
0#
#9891
b1111111111000001 !
b1111111111000011 "
1&
1#
#9894
0&
0#
#9897
b1111111111001011 !
b1111111110110011 "
1&
1#
#9900
0&
0#
#9903
b1111111111001110 !
b1111111110111101 "
1&
1#
#9906
0&
0#
#9909
b1111111111010010 !
b1111111110110011 "
1&
1#
#9912
0&
0#
#9915
b1111111111011110 !
b1111111110111101 "
1&
1#
#9918
0&
0#
#9921
b1000 !
b1111111110011101 "
1&
1#
#9924
0&
0#
#9927
b1111111111100001 !
b1111111110100100 "
1&
1#
#9930
0&
0#
#9933
b1111111111010010 !
1&
1#
#9936
0&
0#
#9939
b1111111111010011 !
b1111111110111110 "
1&
1#
#9942
0&
0#
#9945
b1111111110101110 !
1&
1#
#9948
0&
0#
#9951
b1111111110011101 !
b1111111110110111 "
1&
1#
#9954
0&
0#
#9957
b1111111110011001 !
b1111111110110011 "
1&
1#
#9960
0&
0#
#9963
b1111111110101010 !
b1111111110110000 "
1&
1#
#9966
0&
0#
#9969
b1111111110011001 !
b1111111110110010 "
1&
1#
#9972
0&
0#
#9975
b1111111110010101 !
b1111111110011111 "
1&
1#
#9978
0&
0#
#9981
b1111111111000010 !
b1111111110100011 "
1&
1#
#9984
0&
0#
#9987
b1111111111011011 !
b1111111110000111 "
1&
1#
#9990
0&
0#
#9993
b11101 !
b1111111110011011 "
1&
1#
#9996
0&
0#
#9999
b1100 !
b1111111110101011 "
1&
1#
#10002
0&
0#
#10005
b11011 !
b1111111110101100 "
1&
1#
#10008
0&
0#
#10011
b111011 !
b1111111111001011 "
1&
1#
#10014
0&
0#
#10017
b1000111 !
b1111111111000101 "
1&
1#
#10020
0&
0#
#10023
b100101 !
b1111111111110001 "
1&
1#
#10026
0&
0#
#10029
b10100 !
b1111111111110111 "
1&
1#
#10032
0&
0#
#10035
b101100 !
b100010 "
1&
1#
#10038
0&
0#
#10041
b11100 !
b1100 "
1&
1#
#10044
0&
0#
#10047
b0 !
b11100 "
1&
1#
#10050
0&
0#
#10053
b10000 !
b111000 "
1&
1#
#10056
0&
0#
#10059
1&
1#
#10062
0&
0#
#10065
b10011 !
b1000000 "
1&
1#
#10068
0&
0#
#10071
b1111111111111000 !
b1010110 "
1&
1#
#10074
0&
0#
#10077
b1111111111100101 !
b1001010 "
1&
1#
#10080
0&
0#
#10083
b11 !
b1000101 "
1&
1#
#10086
0&
0#
#10089
b100011 !
1&
1#
#10092
0&
0#
#10095
b110000 !
b1010011 "
1&
1#
#10098
0&
0#
#10101
b1101 !
b101101 "
1&
1#
#10104
0&
0#
#10107
b1100 !
b100111 "
1&
1#
#10110
0&
0#
#10113
b111 !
b100100 "
1&
1#
#10116
0&
0#
#10119
b100 !
b1111111111110001 "
1&
1#
#10122
0&
0#
#10125
b1111111111110010 "
1&
1#
#10128
0&
0#
#10131
b1111111110111101 !
b1111111111011011 "
1&
1#
#10134
0&
0#
#10137
b1111111111010111 !
b1111111111011010 "
1&
1#
#10140
0&
0#
#10143
b1111111111011001 !
b1111111110111110 "
1&
1#
#10146
0&
0#
#10149
b1111111111011101 !
b1111111110110111 "
1&
1#
#10152
0&
0#
#10155
b1111111111110011 !
b1111111111010000 "
1&
1#
#10158
0&
0#
#10161
b1111111111101110 !
b1111111111010110 "
1&
1#
#10164
0&
0#
#10167
b1111111111101100 !
b1100 "
1&
1#
#10170
0&
0#
#10173
b0 !
1&
1#
#10176
0&
0#
#10179
b1011 !
b1101 "
1&
1#
#10182
0&
0#
#10185
b1111111111100100 !
b101101 "
1&
1#
#10188
0&
0#
#10191
b1111111111100010 !
b111111 "
1&
1#
#10194
0&
0#
#10197
b1111111111110110 !
b1001000 "
1&
1#
#10200
0&
0#
#10203
b10111 !
b1001011 "
1&
1#
#10206
0&
0#
#10209
b11000 !
b1010010 "
1&
1#
#10212
0&
0#
#10215
b1111111111100001 !
b101010 "
1&
1#
#10218
0&
0#
#10221
b1111111111111011 !
b111010 "
1&
1#
#10224
0&
0#
#10227
b1000 !
b111011 "
1&
1#
#10230
0&
0#
#10233
b111110 !
b100011 "
1&
1#
#10236
0&
0#
#10239
b10111 !
b110 "
1&
1#
#10242
0&
0#
#10245
b1111111111110010 !
b1111111111111100 "
1&
1#
#10248
0&
0#
#10251
b1011 !
b1111111111010111 "
1&
1#
#10254
0&
0#
#10257
b110011 !
b1111111110111010 "
1&
1#
#10260
0&
0#
#10263
b111100 !
b1111111110111011 "
1&
1#
#10266
0&
0#
#10269
b100010 !
b1111111110000010 "
1&
1#
#10272
0&
0#
#10275
b1111111111110111 !
b1111111101111100 "
1&
1#
#10278
0&
0#
#10281
b10010 !
b1111111101100111 "
1&
1#
#10284
0&
0#
#10287
b11001 !
b1111111101100000 "
1&
1#
#10290
0&
0#
#10293
b1010011 !
b1111111101110001 "
1&
1#
#10296
0&
0#
#10299
b111011 !
b1111111101111100 "
1&
1#
#10302
0&
0#
#10305
b1001010 !
b1111111110001010 "
1&
1#
#10308
0&
0#
#10311
b1001111 !
b1111111110111000 "
1&
1#
#10314
0&
0#
#10317
b111011 !
b1111111111011010 "
1&
1#
#10320
0&
0#
#10323
b10101 !
b1111111111111100 "
1&
1#
#10326
0&
0#
#10329
b100111 !
b10101 "
1&
1#
#10332
0&
0#
#10335
b11010 !
b100101 "
1&
1#
#10338
0&
0#
#10341
b1111111111111011 !
b101111 "
1&
1#
#10344
0&
0#
#10347
b1111111111000111 !
b1000110 "
1&
1#
#10350
0&
0#
#10353
b1111111110110010 !
b111100 "
1&
1#
#10356
0&
0#
#10359
b1111111110101011 !
b110000 "
1&
1#
#10362
0&
0#
#10365
b1111111110110010 !
b101010 "
1&
1#
#10368
0&
0#
#10371
b1111111110100001 !
b11011 "
1&
1#
#10374
0&
0#
#10377
b1111111110011101 !
b11110 "
1&
1#
#10380
0&
0#
#10383
b1111111110000101 !
b11000 "
1&
1#
#10386
0&
0#
#10389
b1111111110010110 !
b101111 "
1&
1#
#10392
0&
0#
#10395
b1111111110101100 !
b101010 "
1&
1#
#10398
0&
0#
#10401
b1111111110010110 !
b111111 "
1&
1#
#10404
0&
0#
#10407
b1111111110101111 !
b1100111 "
1&
1#
#10410
0&
0#
#10413
b1111111110110111 !
b1100101 "
1&
1#
#10416
0&
0#
#10419
b1111111111001001 !
b1101100 "
1&
1#
#10422
0&
0#
#10425
b1111111110111011 !
b1100011 "
1&
1#
#10428
0&
0#
#10431
b1111111111001000 !
b1011010 "
1&
1#
#10434
0&
0#
#10437
b1111111110111110 !
b1001000 "
1&
1#
#10440
0&
0#
#10443
b1111111111001100 !
b110010 "
1&
1#
#10446
0&
0#
#10449
b1111111110101101 !
b101011 "
1&
1#
#10452
0&
0#
#10455
b1111111110101100 !
b1111111111100011 "
1&
1#
#10458
0&
0#
#10461
b1111111111001110 !
b1111111111011110 "
1&
1#
#10464
0&
0#
#10467
b1111111111010001 !
b1111111110111001 "
1&
1#
#10470
0&
0#
#10473
b1111111111001111 !
b1111111110111011 "
1&
1#
#10476
0&
0#
#10479
b1111111111111000 !
b1111111111000110 "
1&
1#
#10482
0&
0#
#10485
b101111 !
b1111111111000010 "
1&
1#
#10488
0&
0#
#10491
b11000 !
b1111111111001111 "
1&
1#
#10494
0&
0#
#10497
b111101 !
b1111111111010100 "
1&
1#
#10500
0&
0#
#10503
b1101001 !
b1111111111101001 "
1&
1#
#10506
0&
0#
#10509
b1111101 !
b1111111111110000 "
1&
1#
#10512
0&
0#
#10515
b1111111111110001 "
1&
1#
#10518
0&
0#
#10521
b1000001 !
b1111111111111010 "
1&
1#
#10524
0&
0#
#10527
b1001110 !
b1111111111101000 "
1&
1#
#10530
0&
0#
#10533
b1001000 !
b1111111111110101 "
1&
1#
#10536
0&
0#
#10539
b110011 !
b1111111111110111 "
1&
1#
#10542
0&
0#
#10545
b1101 !
b1111111111101000 "
1&
1#
#10548
0&
0#
#10551
b1111111111110011 !
b1111111111101011 "
1&
1#
#10554
0&
0#
#10557
b1111111111110101 !
b1111111111011001 "
1&
1#
#10560
0&
0#
#10563
b110 !
b1111111111011101 "
1&
1#
#10566
0&
0#
#10569
b1111111111110001 !
b1111111111101000 "
1&
1#
#10572
0&
0#
#10575
b1111111110111100 !
b1111111111111010 "
1&
1#
#10578
0&
0#
#10581
b1111111111000100 !
b110 "
1&
1#
#10584
0&
0#
#10587
b1111111111000101 !
b1111111111111101 "
1&
1#
#10590
0&
0#
#10593
b1111111110100110 !
b11111 "
1&
1#
#10596
0&
0#
#10599
b1111111110101010 !
b1010 "
1&
1#
#10602
0&
0#
#10605
b1111111110110000 !
b101110 "
1&
1#
#10608
0&
0#
#10611
b1111111110101000 !
b100011 "
1&
1#
#10614
0&
0#
#10617
b1111111110101010 !
b1001 "
1&
1#
#10620
0&
0#
#10623
b1111111111000110 !
b10001 "
1&
1#
#10626
0&
0#
#10629
b1111111111010001 !
b1111111111111110 "
1&
1#
#10632
0&
0#
#10635
b1111111111000100 !
b10 "
1&
1#
#10638
0&
0#
#10641
b1111111111100001 !
b1111111111111011 "
1&
1#
#10644
0&
0#
#10647
b100 !
b1 "
1&
1#
#10650
0&
0#
#10653
b1111111111111010 !
b1111111111111010 "
1&
1#
#10656
0&
0#
#10659
b1111111111110111 !
b1111111111111111 "
1&
1#
#10662
0&
0#
#10665
b10000 !
1&
1#
#10668
0&
0#
#10671
b1111111111110011 !
b1111111111011110 "
1&
1#
#10674
0&
0#
#10677
b1111111111011011 !
b1111111111110111 "
1&
1#
#10680
0&
0#
#10683
b1111111111010010 !
b1111111111101001 "
1&
1#
#10686
0&
0#
#10689
b1111111111100011 !
b1111111111111101 "
1&
1#
#10692
0&
0#
#10695
b1111111111110100 !
b1111111111011011 "
1&
1#
#10698
0&
0#
#10701
b1111111111101110 !
b1111111111011000 "
1&
1#
#10704
0&
0#
#10707
b1111111111101001 !
b1111111111010101 "
1&
1#
#10710
0&
0#
#10713
b1111111111110111 !
b1111111111010110 "
1&
1#
#10716
0&
0#
#10719
b0 !
b1111111111101011 "
1&
1#
#10722
0&
0#
#10725
b1111111111110000 !
b1111111111010011 "
1&
1#
#10728
0&
0#
#10731
b1111111110110011 !
b1111111111001001 "
1&
1#
#10734
0&
0#
#10737
b1111111111000101 !
1&
1#
#10740
0&
0#
#10743
b1111111111010011 !
b1111111111000100 "
1&
1#
#10746
0&
0#
#10749
b1111111111100010 !
b1111111111011101 "
1&
1#
#10752
0&
0#
#10755
b1111111110110010 !
b1111111110110101 "
1&
1#
#10758
0&
0#
#10761
b1111111110100000 !
b1111111110111000 "
1&
1#
#10764
0&
0#
#10767
b1111111111000100 !
b1111111110011000 "
1&
1#
#10770
0&
0#
#10773
b1111111110110101 !
b1111111110101100 "
1&
1#
#10776
0&
0#
#10779
b1111111111000010 !
b1111111111000011 "
1&
1#
#10782
0&
0#
#10785
b1111111110111011 !
b1111111111010101 "
1&
1#
#10788
0&
0#
#10791
b1111111111010001 !
b1111111111100110 "
1&
1#
#10794
0&
0#
#10797
b1111111111111101 !
b1111111111111111 "
1&
1#
#10800
0&
0#
#10803
b1111111111111110 !
b10001 "
1&
1#
#10806
0&
0#
#10809
b10101 !
b110111 "
1&
1#
#10812
0&
0#
#10815
b10111 !
b1011000 "
1&
1#
#10818
0&
0#
#10821
b1000001 !
b1110011 "
1&
1#
#10824
0&
0#
#10827
b1001100 !
b1110001 "
1&
1#
#10830
0&
0#
#10833
b111001 !
1&
1#
#10836
0&
0#
#10839
b1000100 !
b1101000 "
1&
1#
#10842
0&
0#
#10845
b1011010 !
b1110010 "
1&
1#
#10848
0&
0#
#10851
b1110110 !
b1110101 "
1&
1#
#10854
0&
0#
#10857
b10001000 !
b1100110 "
1&
1#
#10860
0&
0#
#10863
b10011100 !
b1101010 "
1&
1#
#10866
0&
0#
#10869
b10010101 !
b1000001 "
1&
1#
#10872
0&
0#
#10875
b10001001 !
b1001100 "
1&
1#
#10878
0&
0#
#10881
b1111101 !
b1001010 "
1&
1#
#10884
0&
0#
#10887
b1110100 !
b1001001 "
1&
1#
#10890
0&
0#
#10893
b1100010 !
b1000000 "
1&
1#
#10896
0&
0#
#10899
b1111101 !
b1000101 "
1&
1#
#10902
0&
0#
#10905
b1011110 !
b111110 "
1&
1#
#10908
0&
0#
#10911
b1100000 !
b1000011 "
1&
1#
#10914
0&
0#
#10917
b1101111 !
b111101 "
1&
1#
#10920
0&
0#
#10923
b1100000 !
b101101 "
1&
1#
#10926
0&
0#
#10929
b1010110 !
b111010 "
1&
1#
#10932
0&
0#
#10935
b1011011 !
b1110 "
1&
1#
#10938
0&
0#
#10941
b1011101 !
b1111111111101100 "
1&
1#
#10944
0&
0#
#10947
b110010 !
b1111111111001100 "
1&
1#
#10950
0&
0#
#10953
b111010 !
b1111111111000011 "
1&
1#
#10956
0&
0#
#10959
b111000 !
b1111111110011100 "
1&
1#
#10962
0&
0#
#10965
b11111 !
b1111111110001111 "
1&
1#
#10968
0&
0#
#10971
b11000 !
b1111111110001100 "
1&
1#
#10974
0&
0#
#10977
b11 !
b1111111101110100 "
1&
1#
#10980
0&
0#
#10983
b1111111111110111 !
b1111111110011101 "
1&
1#
#10986
0&
0#
#10989
b1111111111101110 !
b1111111110100001 "
1&
1#
#10992
0&
0#
#10995
b1111111111010100 !
b1111111111000011 "
1&
1#
#10998
0&
0#
#11001
b1111111111011011 !
b1111111111001111 "
1&
1#
#11004
0&
0#
#11007
b1111111111010001 !
b1111111111100001 "
1&
1#
#11010
0&
0#
#11013
b1111111111000000 !
b1111111111111000 "
1&
1#
#11016
0&
0#
#11019
b1111111111101011 !
b10010 "
1&
1#
#11022
0&
0#
#11025
b1000 !
b100101 "
1&
1#
#11028
0&
0#
#11031
b11101 !
b101100 "
1&
1#
#11034
0&
0#
#11037
b1000001 !
b111011 "
1&
1#
#11040
0&
0#
#11043
b1001100 !
b110101 "
1&
1#
#11046
0&
0#
#11049
b1000000 !
b1010001 "
1&
1#
#11052
0&
0#
#11055
b110111 !
b1100110 "
1&
1#
#11058
0&
0#
#11061
b101000 !
b1001101 "
1&
1#
#11064
0&
0#
#11067
b1111111111110110 !
1&
1#
#11070
0&
0#
#11073
b1111111111111101 !
b1010100 "
1&
1#
#11076
0&
0#
#11079
b1111111111011011 !
b1000110 "
1&
1#
#11082
0&
0#
#11085
b1111111111101001 !
b111100 "
1&
1#
#11088
0&
0#
#11091
b1111111111001100 !
b110010 "
1&
1#
#11094
0&
0#
#11097
b1111111110111101 !
b11110 "
1&
1#
#11100
0&
0#
#11103
b1111111110111010 !
b1001 "
1&
1#
#11106
0&
0#
#11109
b1111111110110101 !
b111 "
1&
1#
#11112
0&
0#
#11115
b1111111110110100 !
b11 "
1&
1#
#11118
0&
0#
#11121
b1111111110111101 !
b1111111111111110 "
1&
1#
#11124
0&
0#
#11127
b1111111110101001 !
b1111111111111011 "
1&
1#
#11130
0&
0#
#11133
b1111111111001011 !
b1101 "
1&
1#
#11136
0&
0#
#11139
b1111111111011110 !
b1110 "
1&
1#
#11142
0&
0#
#11145
b1111111111001101 !
b100000 "
1&
1#
#11148
0&
0#
#11151
b1111111111010101 !
b100010 "
1&
1#
#11154
0&
0#
#11157
b1 !
b10000 "
1&
1#
#11160
0&
0#
#11163
b1000 !
b10011 "
1&
1#
#11166
0&
0#
#11169
b1111111111111101 !
b11000 "
1&
1#
#11172
0&
0#
#11175
b1111111111101011 !
b10101 "
1&
1#
#11178
0&
0#
#11181
b1111111111111001 !
b11001 "
1&
1#
#11184
0&
0#
#11187
b10000 !
b100000 "
1&
1#
#11190
0&
0#
#11193
b101010 !
b110010 "
1&
1#
#11196
0&
0#
#11199
b1000011 !
b110100 "
1&
1#
#11202
0&
0#
#11205
b100110 !
b1001101 "
1&
1#
#11208
0&
0#
#11211
b111000 !
b1000011 "
1&
1#
#11214
0&
0#
#11217
b1010010 !
b1001000 "
1&
1#
#11220
0&
0#
#11223
b110110 !
b1001011 "
1&
1#
#11226
0&
0#
#11229
b100111 !
b1000101 "
1&
1#
#11232
0&
0#
#11235
b110110 !
b1011100 "
1&
1#
#11238
0&
0#
#11241
b11110 !
b110110 "
1&
1#
#11244
0&
0#
#11247
b100010 "
1&
1#
#11250
0&
0#
#11253
b10001 !
b11000 "
1&
1#
#11256
0&
0#
#11259
b1101 !
b1 "
1&
1#
#11262
0&
0#
#11265
b1111111111110010 !
b1111111111111001 "
1&
1#
#11268
0&
0#
#11271
b1111111111100001 !
b1111111111001010 "
1&
1#
#11274
0&
0#
#11277
b1111111111001010 !
b1111111111001000 "
1&
1#
#11280
0&
0#
#11283
b1111111111000101 !
b1111111110110000 "
1&
1#
#11286
0&
0#
#11289
b1111111111000001 !
b1111111110100011 "
1&
1#
#11292
0&
0#
#11295
b1111111111110100 !
b1111111110011001 "
1&
1#
#11298
0&
0#
#11301
b1111111111001000 !
b1111111110000100 "
1&
1#
#11304
0&
0#
#11307
b1111111110011100 !
b1111111110001001 "
1&
1#
#11310
0&
0#
#11313
b1111111110000000 !
b1111111101101011 "
1&
1#
#11316
0&
0#
#11319
b1111111111001001 !
b1111111101100011 "
1&
1#
#11322
0&
0#
#11325
b1111111110011111 !
b1111111101010011 "
1&
1#
#11328
0&
0#
#11331
b1111111101011011 !
b1111111101010001 "
1&
1#
#11334
0&
0#
#11337
b1111111101010000 !
b1111111101010010 "
1&
1#
#11340
0&
0#
#11343
b1111111101011011 !
b1111111101100010 "
1&
1#
#11346
0&
0#
#11349
b1111111101111001 !
b1111111101100111 "
1&
1#
#11352
0&
0#
#11355
b1111111101000010 !
b1111111101110000 "
1&
1#
#11358
0&
0#
#11361
b1111111100111001 !
b1111111101100100 "
1&
1#
#11364
0&
0#
#11367
b1111111101000000 !
b1111111101111110 "
1&
1#
#11370
0&
0#
#11373
b1111111101001100 !
b1111111101111011 "
1&
1#
#11376
0&
0#
#11379
b1111111100110010 !
b1111111110000010 "
1&
1#
#11382
0&
0#
#11385
b1111111100101111 !
b1111111110001100 "
1&
1#
#11388
0&
0#
#11391
b1111111100101011 !
b1111111110000100 "
1&
1#
#11394
0&
0#
#11397
b1111111100101101 !
b1111111110010010 "
1&
1#
#11400
0&
0#
#11403
b1111111100100011 !
b1111111110010001 "
1&
1#
#11406
0&
0#
#11409
b1111111100100111 !
b1111111110101100 "
1&
1#
#11412
0&
0#
#11415
b1111111100101110 !
b1111111110101110 "
1&
1#
#11418
0&
0#
#11421
b1111111100101000 !
b1111111111001011 "
1&
1#
#11424
0&
0#
#11427
b1111111100100000 !
b1111111111010111 "
1&
1#
#11430
0&
0#
#11433
b1111111100101101 !
b1111111111011001 "
1&
1#
#11436
0&
0#
#11439
b1111111100100010 !
b1111111111111001 "
1&
1#
#11442
0&
0#
#11445
b1111111100101001 !
b0 "
1&
1#
#11448
0&
0#
#11451
b1111111100110000 !
b10001 "
1&
1#
#11454
0&
0#
#11457
b1111111101100100 !
b100000 "
1&
1#
#11460
0&
0#
#11463
b1111111110100111 !
b10010 "
1&
1#
#11466
0&
0#
#11469
b1111111110011110 !
b10111 "
1&
1#
#11472
0&
0#
#11475
b1111111110100110 !
b10100 "
1&
1#
#11478
0&
0#
#11481
b1111111111111000 !
b1111111111110110 "
1&
1#
#11484
0&
0#
#11487
b1010100 !
b1111111111101001 "
1&
1#
#11490
0&
0#
#11493
b1111111 !
b1111111111001101 "
1&
1#
#11496
0&
0#
#11499
b11000000 !
b1111111110110011 "
1&
1#
#11502
0&
0#
#11505
b11111000 !
b1111111110110100 "
1&
1#
#11508
0&
0#
#11511
b101100001 !
b1111111110110110 "
1&
1#
#11514
0&
0#
#11517
b101110110 !
b1111111111000011 "
1&
1#
#11520
0&
0#
#11523
b110010110 !
b1111111111010100 "
1&
1#
#11526
0&
0#
#11529
b100001101 !
b1111111111111011 "
1&
1#
#11532
0&
0#
#11535
b110000110 !
b1111111111111110 "
1&
1#
#11538
0&
0#
#11541
b11101101 !
b110011 "
1&
1#
#11544
0&
0#
#11547
b111101111 !
b101110 "
1&
1#
#11550
0&
0#
#11553
b111111100 !
b1000100 "
1&
1#
#11556
0&
0#
#11559
b1110111100 !
b1001100 "
1&
1#
#11562
0&
0#
#11565
b11010111 !
b1001110 "
1&
1#
#11568
0&
0#
#11571
b10100011 !
b1010010 "
1&
1#
#11574
0&
0#
#11577
b1111001110 !
b1001001 "
1&
1#
#11580
0&
0#
#11583
b10111001111 !
b1000101 "
1&
1#
#11586
0&
0#
#11589
b110101100 !
b1000011 "
1&
1#
#11592
0&
0#
#11595
b11001001 !
b101101 "
1&
1#
#11598
0&
0#
#11601
b11100011 !
b100101 "
1&
1#
#11604
0&
0#
#11607
b11100 !
b100001 "
1&
1#
#11610
0&
0#
#11613
b1111111111101011 !
b1110 "
1&
1#
#11616
0&
0#
#11619
b1111111110000111 !
b0 "
1&
1#
#11622
0&
0#
#11625
b1111111110100011 !
b101 "
1&
1#
#11628
0&
0#
#11631
b1111111110001011 !
b1111111111101001 "
1&
1#
#11634
0&
0#
#11637
b1111111101000010 !
b1111111111101011 "
1&
1#
#11640
0&
0#
#11643
b1111111101000101 !
b1111111111101111 "
1&
1#
#11646
0&
0#
#11649
b1111111101001000 !
b1111111111100100 "
1&
1#
#11652
0&
0#
#11655
b1111111100110011 !
b1111111111010011 "
1&
1#
#11658
0&
0#
#11661
b1111111100101010 !
b1111111110111101 "
1&
1#
#11664
0&
0#
#11667
b1111111100110111 !
b1111111110111011 "
1&
1#
#11670
0&
0#
#11673
b1111111100110010 !
b1111111110110000 "
1&
1#
#11676
0&
0#
#11679
b1111111100101110 !
b1111111110111000 "
1&
1#
#11682
0&
0#
#11685
b1111111100101101 !
b1111111110111111 "
1&
1#
#11688
0&
0#
#11691
b1111111101000000 !
b1111111110111001 "
1&
1#
#11694
0&
0#
#11697
b1111111101111110 !
b1111111111000010 "
1&
1#
#11700
0&
0#
#11703
b1111111111010001 !
b1111111111011101 "
1&
1#
#11706
0&
0#
#11709
b100001 !
b1111111111100001 "
1&
1#
#11712
0&
0#
#11715
b1110111 !
b1111111111111000 "
1&
1#
#11718
0&
0#
#11721
b11011010 !
b1 "
1&
1#
#11724
0&
0#
#11727
b100100111 !
b1100 "
1&
1#
#11730
0&
0#
#11733
b101001000 !
b10011 "
1&
1#
#11736
0&
0#
#11739
b101010100 !
b110011 "
1&
1#
#11742
0&
0#
#11745
b100100111 !
b1000010 "
1&
1#
#11748
0&
0#
#11751
b1001011001 !
b1010010 "
1&
1#
#11754
0&
0#
#11757
b101000101 !
b111101 "
1&
1#
#11760
0&
0#
#11763
b10111111 !
b1010111 "
1&
1#
#11766
0&
0#
#11769
b10011100 !
b1100110 "
1&
1#
#11772
0&
0#
#11775
b111 !
b10011001 "
1&
1#
#11778
0&
0#
#11781
b1 !
b10011111 "
1&
1#
#11784
0&
0#
#11787
b1111111110110111 !
b10111000 "
1&
1#
#11790
0&
0#
#11793
b1111111110010011 !
b10110111 "
1&
1#
#11796
0&
0#
#11799
b1111111101010000 !
b11000100 "
1&
1#
#11802
0&
0#
#11805
b1111111101011100 !
b100001101 "
1&
1#
#11808
0&
0#
#11811
b1111111101001001 !
b100000101 "
1&
1#
#11814
0&
0#
#11817
b1111111100111000 !
b100000001 "
1&
1#
#11820
0&
0#
#11823
b1111111100110110 !
b11101111 "
1&
1#
#11826
0&
0#
#11829
b1111111100111011 !
b100001001 "
1&
1#
#11832
0&
0#
#11835
b1111111101000110 !
b100100111 "
1&
1#
#11838
0&
0#
#11841
b1111111101000100 !
b100011011 "
1&
1#
#11844
0&
0#
#11847
b1111111110110110 !
b100010000 "
1&
1#
#11850
0&
0#
#11853
b1111111111111110 !
b100010010 "
1&
1#
#11856
0&
0#
#11859
b111101 !
b100100111 "
1&
1#
#11862
0&
0#
#11865
b10111000 !
b100100100 "
1&
1#
#11868
0&
0#
#11871
b10110110 !
1&
1#
#11874
0&
0#
#11877
b100001011 !
b100100101 "
1&
1#
#11880
0&
0#
#11883
b100000101 !
b100100001 "
1&
1#
#11886
0&
0#
#11889
b10110111 !
b100011001 "
1&
1#
#11892
0&
0#
#11895
b100101101 !
b11111100 "
1&
1#
#11898
0&
0#
#11901
b1010000 !
b11110100 "
1&
1#
#11904
0&
0#
#11907
b100000 !
b11011110 "
1&
1#
#11910
0&
0#
#11913
b1111111110100111 !
b11001000 "
1&
1#
#11916
0&
0#
#11919
b1111111110010101 !
b10010110 "
1&
1#
#11922
0&
0#
#11925
b1111111101110110 !
b1011100 "
1&
1#
#11928
0&
0#
#11931
b1111111101010110 !
b110011 "
1&
1#
#11934
0&
0#
#11937
b1111111101001001 !
b1111111111110010 "
1&
1#
#11940
0&
0#
#11943
b1111111101010011 !
b1111111111000001 "
1&
1#
#11946
0&
0#
#11949
b1111111101000101 !
b1111111110001011 "
1&
1#
#11952
0&
0#
#11955
b1111111101000010 !
b1111111100110110 "
1&
1#
#11958
0&
0#
#11961
b1111111101110000 !
b1111111011011001 "
1&
1#
#11964
0&
0#
#11967
b1111111111001111 !
b1111111011001110 "
1&
1#
#11970
0&
0#
#11973
b111001 !
b1111111010010000 "
1&
1#
#11976
0&
0#
#11979
b11000011 !
b1111111010001100 "
1&
1#
#11982
0&
0#
#11985
b10100111 !
b1111111000100001 "
1&
1#
#11988
0&
0#
#11991
b11011011 !
b1111111000111100 "
1&
1#
#11994
0&
0#
#11997
b100001000 !
b1111110111010001 "
1&
1#
#12000
0&
0#
#12003
b10000011 !
b1111111010010100 "
1&
1#
#12006
0&
0#
#12009
b1000001 !
b1111110111100001 "
1&
1#
#12012
0&
0#
#12015
b100010 !
b1111111001001100 "
1&
1#
#12018
0&
0#
#12021
b10 !
b1111110011011100 "
1&
1#
#12024
0&
0#
#12027
b1111111110001101 !
b1111110111000000 "
1&
1#
#12030
0&
0#
#12033
b1111111101100111 !
b1111110101110110 "
1&
1#
#12036
0&
0#
#12039
b1111111101011110 !
b1111110101010101 "
1&
1#
#12042
0&
0#
#12045
b1111111110000000 !
b1111110011001100 "
1&
1#
#12048
0&
0#
#12051
b1111111101010000 !
b1111110000110101 "
1&
1#
#12054
0&
0#
#12057
b1111111101101010 !
b1111110010101111 "
1&
1#
#12060
0&
0#
#12063
b1111111110100010 !
b1111111010111101 "
1&
1#
#12066
0&
0#
#12069
b10011010 !
b1111111111010110 "
1&
1#
#12072
0&
0#
#12075
b111100 !
b1111111100011110 "
1&
1#
#12078
0&
0#
#12081
b1101110 !
b1111111100110001 "
1&
1#
#12084
0&
0#
#12087
b11011000 !
b10011100 "
1&
1#
#12090
0&
0#
#12093
b11101110 !
b11010010 "
1&
1#
#12096
0&
0#
#12099
b1100011 !
b101100010 "
1&
1#
#12102
0&
0#
#12105
b1111111111110100 !
b101111100 "
1&
1#
#12108
0&
0#
#12111
b101 !
b11110111 "
1&
1#
#12114
0&
0#
#12117
b1001 !
b11010110 "
1&
1#
#12120
0&
0#
#12123
b1111111110001111 !
b100100101 "
1&
1#
#12126
0&
0#
#12129
b1111111101110000 !
b100010001 "
1&
1#
#12132
0&
0#
#12135
b1111111101101000 !
b11010110 "
1&
1#
#12138
0&
0#
#12141
b1111111110100111 !
b11001001 "
1&
1#
#12144
0&
0#
#12147
b1111111111000100 !
b10001000 "
1&
1#
#12150
0&
0#
#12153
b1111111111001110 !
b1101100 "
1&
1#
#12156
0&
0#
#12159
b1000 !
b101111 "
1&
1#
#12162
0&
0#
#12165
b10100000 !
b1111111111101011 "
1&
1#
#12168
0&
0#
#12171
b1110001 !
b1111111110001010 "
1&
1#
#12174
0&
0#
#12177
b11000010 !
b1111111100110000 "
1&
1#
#12180
0&
0#
#12183
b11100101 !
b1111111011011101 "
1&
1#
#12186
0&
0#
#12189
b1100001 !
b1111111010010000 "
1&
1#
#12192
0&
0#
#12195
b1111111111111110 !
b1111111001111101 "
1&
1#
#12198
0&
0#
#12201
b0 !
b1111111001100001 "
1&
1#
#12204
0&
0#
#12207
b1111111111001001 !
b1111111010011100 "
1&
1#
#12210
0&
0#
#12213
b1111111101111111 !
b1111111001000011 "
1&
1#
#12216
0&
0#
#12219
b1111111101100101 !
b1111111010101110 "
1&
1#
#12222
0&
0#
#12225
b1111111110110100 !
b1111111010100011 "
1&
1#
#12228
0&
0#
#12231
b100 !
b1111111101001000 "
1&
1#
#12234
0&
0#
#12237
b1111111111000110 !
b1111111111011101 "
1&
1#
#12240
0&
0#
#12243
b1001100 !
b100000 "
1&
1#
#12246
0&
0#
#12249
b10001010 !
b111110 "
1&
1#
#12252
0&
0#
#12255
b1100010 !
b10100010 "
1&
1#
#12258
0&
0#
#12261
b10101101 !
b100000100 "
1&
1#
#12264
0&
0#
#12267
b10000110 !
b11101111 "
1&
1#
#12270
0&
0#
#12273
b1001100 !
b100110111 "
1&
1#
#12276
0&
0#
#12279
b1111111110100111 !
b100010101 "
1&
1#
#12282
0&
0#
#12285
b1111111110100000 !
b10101101 "
1&
1#
#12288
0&
0#
#12291
b1111111110000101 !
b10101111 "
1&
1#
#12294
0&
0#
#12297
b1111111110011100 !
b10001010 "
1&
1#
#12300
0&
0#
#12303
b1111111111000011 !
b1010111 "
1&
1#
#12306
0&
0#
#12309
b1111111111111011 !
b111 "
1&
1#
#12312
0&
0#
#12315
b101100 !
b1111111111000001 "
1&
1#
#12318
0&
0#
#12321
b1101101 !
b1111111101110011 "
1&
1#
#12324
0&
0#
#12327
b10100010 !
b1111111100000100 "
1&
1#
#12330
0&
0#
#12333
b1000010 !
b1111111100001010 "
1&
1#
#12336
0&
0#
#12339
b10011011 !
b1111111011011011 "
1&
1#
#12342
0&
0#
#12345
b11110 !
b1111111011111110 "
1&
1#
#12348
0&
0#
#12351
b1000101 !
b1111111100111010 "
1&
1#
#12354
0&
0#
#12357
b1111111111010011 !
b1111111100101100 "
1&
1#
#12360
0&
0#
#12363
b1111111110000001 !
b1111111111000000 "
1&
1#
#12366
0&
0#
#12369
b1111111110100100 !
b1111111111010100 "
1&
1#
#12372
0&
0#
#12375
b1111111110100111 !
b1101000 "
1&
1#
#12378
0&
0#
#12381
b11011 !
b10100100 "
1&
1#
#12384
0&
0#
#12387
b1010111 !
b11100001 "
1&
1#
#12390
0&
0#
#12393
b10011100 !
b11011011 "
1&
1#
#12396
0&
0#
#12399
b1101010 !
b11100011 "
1&
1#
#12402
0&
0#
#12405
b1111111110111100 !
b11011111 "
1&
1#
#12408
0&
0#
#12411
b101 !
b10011100 "
1&
1#
#12414
0&
0#
#12417
b10101010 !
b1110010 "
1&
1#
#12420
0&
0#
#12423
b11100 !
b111011 "
1&
1#
#12426
0&
0#
#12429
b1111111110001111 !
b1111111111011111 "
1&
1#
#12432
0&
0#
#12435
b1111111110110100 !
b1111111110011101 "
1&
1#
#12438
0&
0#
#12441
b101 !
b1111111100101010 "
1&
1#
#12444
0&
0#
#12447
b111111 !
b1111111100011001 "
1&
1#
#12450
0&
0#
#12453
b10000001 !
b1111111100000010 "
1&
1#
#12456
0&
0#
#12459
b10110110 !
b1111111100100000 "
1&
1#
#12462
0&
0#
#12465
b10001101 !
b1111111101101100 "
1&
1#
#12468
0&
0#
#12471
b1010101 !
b1111111110011100 "
1&
1#
#12474
0&
0#
#12477
b11 !
b1011 "
1&
1#
#12480
0&
0#
#12483
b100100 !
b1000001 "
1&
1#
#12486
0&
0#
#12489
b1000100 !
b10000101 "
1&
1#
#12492
0&
0#
#12495
b1111111110110001 !
b10101011 "
1&
1#
#12498
0&
0#
#12501
b1111111110110100 !
b11010001 "
1&
1#
#12504
0&
0#
#12507
b1111111111110010 !
b10101000 "
1&
1#
#12510
0&
0#
#12513
b1100001 !
b10010000 "
1&
1#
#12516
0&
0#
#12519
b10001011 !
b1001100 "
1&
1#
#12522
0&
0#
#12525
b10100111 !
b10001 "
1&
1#
#12528
0&
0#
#12531
b1111001 !
b1111111110001010 "
1&
1#
#12534
0&
0#
#12537
b1011001 !
b1111111110101010 "
1&
1#
#12540
0&
0#
#12543
b1001001 !
b1111111100110000 "
1&
1#
#12546
0&
0#
#12549
b1000001 !
b1111111100100110 "
1&
1#
#12552
0&
0#
#12555
b1111111111111110 !
b1111111101001111 "
1&
1#
#12558
0&
0#
#12561
b1111111111000000 !
b1111111101011100 "
1&
1#
#12564
0&
0#
#12567
b1100110 !
b1111111111011000 "
1&
1#
#12570
0&
0#
#12573
b1101001 !
b11101 "
1&
1#
#12576
0&
0#
#12579
b1100111 !
b1000110 "
1&
1#
#12582
0&
0#
#12585
b101011100 !
b1010101 "
1&
1#
#12588
0&
0#
#12591
b10001110 !
b1100111 "
1&
1#
#12594
0&
0#
#12597
b11000 !
b10001011 "
1&
1#
#12600
0&
0#
#12603
b1110100 !
b1110010 "
1&
1#
#12606
0&
0#
#12609
b1010011 !
b1011001 "
1&
1#
#12612
0&
0#
#12615
b1111111110011010 !
b1111111111100101 "
1&
1#
#12618
0&
0#
#12621
b1111111111110001 !
b1111111110011100 "
1&
1#
#12624
0&
0#
#12627
b10011110 !
b1111111101011100 "
1&
1#
#12630
0&
0#
#12633
b10001100 !
b1111111101111110 "
1&
1#
#12636
0&
0#
#12639
b1100 !
b1111111100111110 "
1&
1#
#12642
0&
0#
#12645
b10111010 !
b1111111101001111 "
1&
1#
#12648
0&
0#
#12651
b1001101 !
b1111111110000110 "
1&
1#
#12654
0&
0#
#12657
b1100000 !
b1111111111001101 "
1&
1#
#12660
0&
0#
#12663
b11000 !
b10111 "
1&
1#
#12666
0&
0#
#12669
b1111111110111001 !
b1001111 "
1&
1#
#12672
0&
0#
#12675
b100001 !
b1010000 "
1&
1#
#12678
0&
0#
#12681
b1001111 !
b1000101 "
1&
1#
#12684
0&
0#
#12687
b10011111 !
b1010001 "
1&
1#
#12690
0&
0#
#12693
b1111111111111011 !
b100111 "
1&
1#
#12696
0&
0#
#12699
b10011001 !
b1111111111111101 "
1&
1#
#12702
0&
0#
#12705
b111000 !
b1111111110010000 "
1&
1#
#12708
0&
0#
#12711
b1010100 !
b1111111101111101 "
1&
1#
#12714
0&
0#
#12717
b1111111110111100 !
b1111111110000010 "
1&
1#
#12720
0&
0#
#12723
b1111111110110011 !
b1111111101101100 "
1&
1#
#12726
0&
0#
#12729
b110000 !
b1111111111001000 "
1&
1#
#12732
0&
0#
#12735
b101001 !
b1111111110101111 "
1&
1#
#12738
0&
0#
#12741
b1000010 !
b1111 "
1&
1#
#12744
0&
0#
#12747
b1001000 !
b1000000 "
1&
1#
#12750
0&
0#
#12753
b111001 !
b1110111 "
1&
1#
#12756
0&
0#
#12759
b100000 !
b1000100 "
1&
1#
#12762
0&
0#
#12765
b11000 !
b1111 "
1&
1#
#12768
0&
0#
#12771
b1111111101111101 !
b1111111111111100 "
1&
1#
#12774
0&
0#
#12777
b1111111110010101 !
b1111111110110100 "
1&
1#
#12780
0&
0#
#12783
b110010 !
b1111111110100001 "
1&
1#
#12786
0&
0#
#12789
b1010001 !
b1111111101100001 "
1&
1#
#12792
0&
0#
#12795
b1111111101101001 !
b1111111110010011 "
1&
1#
#12798
0&
0#
#12801
b1111111100101100 !
b1111111101100100 "
1&
1#
#12804
0&
0#
#12807
b1111111111011001 !
b1111111111101011 "
1&
1#
#12810
0&
0#
#12813
b1111111111110100 !
b1111111111001110 "
1&
1#
#12816
0&
0#
#12819
b1111111101101100 !
b1111 "
1&
1#
#12822
0&
0#
#12825
b1111111101010011 !
b110101 "
1&
1#
#12828
0&
0#
#12831
b1111111101101010 !
b10100 "
1&
1#
#12834
0&
0#
#12837
b101000 !
b1000011 "
1&
1#
#12840
0&
0#
#12843
b1111111110101101 !
b1010 "
1&
1#
#12846
0&
0#
#12849
b10000 !
b1111111111011010 "
1&
1#
#12852
0&
0#
#12855
b1111111100111101 !
b1111111101111000 "
1&
1#
#12858
0&
0#
#12861
b1111111101000100 !
b1111111101111011 "
1&
1#
#12864
0&
0#
#12867
b1111111111101001 !
b1111111111010100 "
1&
1#
#12870
0&
0#
#12873
b1111111110110111 !
b1111111111011000 "
1&
1#
#12876
0&
0#
#12879
b1111111101100001 !
b1111111111011110 "
1&
1#
#12882
0&
0#
#12885
b1111111101110111 !
b1111111111010000 "
1&
1#
#12888
0&
0#
#12891
b1 !
b1111111110111010 "
1&
1#
#12894
0&
0#
#12897
b1111111111011110 !
b1111111111011001 "
1&
1#
#12900
0&
0#
#12903
b1000001 !
b1100 "
1&
1#
#12906
0&
0#
#12909
b100001 !
b1111111111111001 "
1&
1#
#12912
0&
0#
#12915
b1010111 !
b1111111110001100 "
1&
1#
#12918
0&
0#
#12921
b1110010 !
b1111111101010100 "
1&
1#
#12924
0&
0#
#12927
b1001111 !
b1111111101010000 "
1&
1#
#12930
0&
0#
#12933
b1011100 !
b1111111101111111 "
1&
1#
#12936
0&
0#
#12939
b110101 !
b1111111111101110 "
1&
1#
#12942
0&
0#
#12945
b1001010 !
b1111111111010101 "
1&
1#
#12948
0&
0#
#12951
b1001 !
b1111111110110110 "
1&
1#
#12954
0&
0#
#12957
b11011 !
b1111111111011101 "
1&
1#
#12960
0&
0#
#12963
b1111111111101001 !
b1111111111001111 "
1&
1#
#12966
0&
0#
#12969
b10000 !
b1111111111111110 "
1&
1#
#12972
0&
0#
#12975
b101011 !
b1111111111010111 "
1&
1#
#12978
0&
0#
#12981
b10 !
b1111111110010100 "
1&
1#
#12984
0&
0#
#12987
b1111111111101011 !
b1111111101010011 "
1&
1#
#12990
0&
0#
#12993
b1111111111111010 !
b1111111101011111 "
1&
1#
#12996
0&
0#
#12999
b1111111111110100 !
b1111111110000000 "
1&
1#
#13002
0&
0#
#13005
b1111111111000100 !
b1111111110011101 "
1&
1#
#13008
0&
0#
#13011
b1111111111010010 !
b1111111110111100 "
1&
1#
#13014
0&
0#
#13017
b1111111111110001 !
b1111111110011010 "
1&
1#
#13020
0&
0#
#13023
b1111111111100011 !
b1111111110011001 "
1&
1#
#13026
0&
0#
#13029
b1111111111000101 !
b1111111110001101 "
1&
1#
#13032
0&
0#
#13035
b1111111110110011 "
1&
1#
#13038
0&
0#
#13041
b1111111111010110 !
b1111111110000001 "
1&
1#
#13044
0&
0#
#13047
b1111111111100001 !
b1111111100000010 "
1&
1#
#13050
0&
0#
#13053
b1111111111011100 !
b1111111101111011 "
1&
1#
#13056
0&
0#
#13059
b1111111110101100 !
b1111111100101111 "
1&
1#
#13062
0&
0#
#13065
b1111111111011001 !
b1111111101111010 "
1&
1#
#13068
0&
0#
#13071
b101111 !
b1111111110110011 "
1&
1#
#13074
0&
0#
#13077
b1001011 !
b1111111110110101 "
1&
1#
#13080
0&
0#
#13083
b100101 !
b1111111101110010 "
1&
1#
#13086
0&
0#
#13089
b1101011 !
b1111111110110101 "
1&
1#
#13092
0&
0#
#13095
b10000101 !
b1111111110110010 "
1&
1#
#13098
0&
0#
#13101
b1111011 !
b1111111110010111 "
1&
1#
#13104
0&
0#
#13107
b1000101 !
b1111111101110100 "
1&
1#
#13110
0&
0#
#13113
b1001010 !
b1111111111000010 "
1&
1#
#13116
0&
0#
#13119
b111101 !
b1111111101010110 "
1&
1#
#13122
0&
0#
#13125
b110000 !
b1111111110101001 "
1&
1#
#13128
0&
0#
#13131
b110010 !
b1111111111100101 "
1&
1#
#13134
0&
0#
#13137
b1011101 !
b1111111110001001 "
1&
1#
#13140
0&
0#
#13143
b10001101 !
b1111111111010101 "
1&
1#
#13146
0&
0#
#13149
b1111111 !
b1111111110000101 "
1&
1#
#13152
0&
0#
#13155
b1111110 !
b1111111111011111 "
1&
1#
#13158
0&
0#
#13161
b10110110 !
b1111111101101011 "
1&
1#
#13164
0&
0#
#13167
b1100101 !
b1111111111100111 "
1&
1#
#13170
0&
0#
#13173
b1100010 !
b1111111110100111 "
1&
1#
#13176
0&
0#
#13179
b1100011 !
b1111111111001100 "
1&
1#
#13182
0&
0#
#13185
b111000 !
b1111111111111000 "
1&
1#
#13188
0&
0#
#13191
b1111111111111001 !
b1111111110111100 "
1&
1#
#13194
0&
0#
#13197
b1111111111011001 !
b1111111111110000 "
1&
1#
#13200
0&
0#
#13203
b1111111111000010 !
b1111111110111010 "
1&
1#
#13206
0&
0#
#13209
b1111111111010110 !
b1111111111010100 "
1&
1#
#13212
0&
0#
#13215
b1111111111010001 !
b1111111111011111 "
1&
1#
#13218
0&
0#
#13221
b1111111110101101 !
b1111111111011010 "
1&
1#
#13224
0&
0#
#13227
b1111111110100000 !
b1111111111111010 "
1&
1#
#13230
0&
0#
#13233
b1111111110100100 !
b110010 "
1&
1#
#13236
0&
0#
#13239
b1111111110111010 !
b1101110 "
1&
1#
#13242
0&
0#
#13245
b1111111110111100 !
b110110 "
1&
1#
#13248
0&
0#
#13251
b1111111110100010 !
b1001011 "
1&
1#
#13254
0&
0#
#13257
b1111111110101111 !
b1011011 "
1&
1#
#13260
0&
0#
#13263
b1111111111000011 !
b10000000 "
1&
1#
#13266
0&
0#
#13269
b1111111110111011 !
b10011000 "
1&
1#
#13272
0&
0#
#13275
b1111111110110100 !
b10100100 "
1&
1#
#13278
0&
0#
#13281
b1111111111011000 !
b1100101 "
1&
1#
#13284
0&
0#
#13287
b1111111111000101 !
b11101 "
1&
1#
#13290
0&
0#
#13293
b1111111111101001 !
b10010100 "
1&
1#
#13296
0&
0#
#13299
b1111111111011000 !
b10001101 "
1&
1#
#13302
0&
0#
#13305
b1111111111100100 !
b10101011 "
1&
1#
#13308
0&
0#
#13311
b1111111111011000 !
b1111111111111011 "
1&
1#
#13314
0&
0#
#13317
b1111111111000101 !
b1100001 "
1&
1#
#13320
0&
0#
#13323
b1111111110111110 !
b10101010 "
1&
1#
#13326
0&
0#
#13329
b1111111111001001 !
b1101100 "
1&
1#
#13332
0&
0#
#13335
b1111111111010001 !
b10100001 "
1&
1#
#13338
0&
0#
#13341
b1111111110101010 !
b11010 "
1&
1#
#13344
0&
0#
#13347
b1111111111000001 !
b110100 "
1&
1#
#13350
0&
0#
#13353
b1111111111000011 !
b11000 "
1&
1#
#13356
0&
0#
#13359
b1111111111010001 !
b1001000 "
1&
1#
#13362
0&
0#
#13365
b1111111110101111 "
1&
1#
#13368
0&
0#
#13371
b1111111111010110 !
b1111111110100111 "
1&
1#
#13374
0&
0#
#13377
b1111111111101110 !
b1111111110001111 "
1&
1#
#13380
0&
0#
#13383
b1011 !
b1111111101100100 "
1&
1#
#13386
0&
0#
#13389
b111011 !
b1111111111001010 "
1&
1#
#13392
0&
0#
#13395
b101100 !
b1111111110001001 "
1&
1#
#13398
0&
0#
#13401
b1001101 !
b1111111111001000 "
1&
1#
#13404
0&
0#
#13407
b1111100 !
b1111111110110100 "
1&
1#
#13410
0&
0#
#13413
b1101010 !
b1111111111101011 "
1&
1#
#13416
0&
0#
#13419
b10011000 !
b1111111111011110 "
1&
1#
#13422
0&
0#
#13425
b10001101 !
b1100 "
1&
1#
#13428
0&
0#
#13431
b10110100 !
b101 "
1&
1#
#13434
0&
0#
#13437
b10000100 !
b1111111111101001 "
1&
1#
#13440
0&
0#
#13443
b1011011 !
b10000 "
1&
1#
#13446
0&
0#
#13449
b100111 !
b1111111111110001 "
1&
1#
#13452
0&
0#
#13455
b10010 !
b1000 "
1&
1#
#13458
0&
0#
#13461
b10 !
b10111 "
1&
1#
#13464
0&
0#
#13467
b1111111111010000 !
b100010 "
1&
1#
#13470
0&
0#
#13473
b1111111111011110 !
b11111 "
1&
1#
#13476
0&
0#
#13479
b1111111111001100 !
1&
1#
#13482
0&
0#
#13485
b1111111111010100 !
b101010 "
1&
1#
#13488
0&
0#
#13491
b1000 !
b100100 "
1&
1#
#13494
0&
0#
#13497
b110010 !
b1000001 "
1&
1#
#13500
0&
0#
#13503
b110000 !
b110001 "
1&
1#
#13506
0&
0#
#13509
b11011 !
b11110 "
1&
1#
#13512
0&
0#
#13515
b100000 !
b1110 "
1&
1#
#13518
0&
0#
#13521
b100 !
b10001 "
1&
1#
#13524
0&
0#
#13527
b1111111111110100 !
b1111111111110100 "
1&
1#
#13530
0&
0#
#13533
b1111111111011101 !
b1111111111011111 "
1&
1#
#13536
0&
0#
#13539
b1111111111011111 !
b1111111110111011 "
1&
1#
#13542
0&
0#
#13545
b1111111111000111 !
b1111111110011100 "
1&
1#
#13548
0&
0#
#13551
b1111111111011101 !
b1111111101110110 "
1&
1#
#13554
0&
0#
#13557
b1111111111101101 !
b1111111110001110 "
1&
1#
#13560
0&
0#
#13563
b1111111111011010 !
b1111111110000000 "
1&
1#
#13566
0&
0#
#13569
b1011 !
b1111111110001100 "
1&
1#
#13572
0&
0#
#13575
b10 !
b1111111110001101 "
1&
1#
#13578
0&
0#
#13581
b1111111111111100 !
b1111111110010111 "
1&
1#
#13584
0&
0#
#13587
b1111111111011100 !
b1111111110100001 "
1&
1#
#13590
0&
0#
#13593
b1111111111011001 !
b1111111110100000 "
1&
1#
#13596
0&
0#
#13599
b1111111111111001 !
b1111111110001011 "
1&
1#
#13602
0&
0#
#13605
b10100 !
b1111111101110000 "
1&
1#
#13608
0&
0#
#13611
b1111111111000101 !
b1111111101101000 "
1&
1#
#13614
0&
0#
#13617
b1111111111011111 !
b1111111101100100 "
1&
1#
#13620
0&
0#
#13623
b1111111111110010 !
b1111111101001111 "
1&
1#
#13626
0&
0#
#13629
b1111111111111100 !
b1111111101111100 "
1&
1#
#13632
0&
0#
#13635
b100101 !
b1111111101111011 "
1&
1#
#13638
0&
0#
#13641
b10011 !
b1111111110101110 "
1&
1#
#13644
0&
0#
#13647
b1111 !
b1111111111000110 "
1&
1#
#13650
0&
0#
#13653
b1111111111100111 "
1&
1#
#13656
0&
0#
#13659
b1001000 !
b1011 "
1&
1#
#13662
0&
0#
#13665
b100010 !
b1000011 "
1&
1#
#13668
0&
0#
#13671
b1111111111111100 !
b1001001 "
1&
1#
#13674
0&
0#
#13677
b10110 !
b1000011 "
1&
1#
#13680
0&
0#
#13683
b111 !
b1010100 "
1&
1#
#13686
0&
0#
#13689
b1011 !
b1010000 "
1&
1#
#13692
0&
0#
#13695
b1111111111100111 !
b1011101 "
1&
1#
#13698
0&
0#
#13701
b1111111111101101 !
b1101001 "
1&
1#
#13704
0&
0#
#13707
b1111111111110001 !
b1001101 "
1&
1#
#13710
0&
0#
#13713
b11001 !
b1000011 "
1&
1#
#13716
0&
0#
#13719
b1111111111100110 !
b111001 "
1&
1#
#13722
0&
0#
#13725
b1111111111110011 !
b1000111 "
1&
1#
#13728
0&
0#
#13731
b1111111111101110 !
b1000101 "
1&
1#
#13734
0&
0#
#13737
b1111111111000011 !
b111001 "
1&
1#
#13740
0&
0#
#13743
b1111111110011101 !
b100000 "
1&
1#
#13746
0&
0#
#13749
b1111111110110110 !
b111101 "
1&
1#
#13752
0&
0#
#13755
b1111111111000111 !
b100111 "
1&
1#
#13758
0&
0#
#13761
b1111111110101011 !
b110010 "
1&
1#
#13764
0&
0#
#13767
b1111111110011011 !
b101010 "
1&
1#
#13770
0&
0#
#13773
b101110 "
1&
1#
#13776
0&
0#
#13779
b1111111110101001 !
b1000010 "
1&
1#
#13782
0&
0#
#13785
b1111111111001110 !
b1000011 "
1&
1#
#13788
0&
0#
#13791
b1111111110111001 !
b1001100 "
1&
1#
#13794
0&
0#
#13797
b1111111110011001 !
b1000011 "
1&
1#
#13800
0&
0#
#13803
b1111111110111101 !
b1001111 "
1&
1#
#13806
0&
0#
#13809
b1111111111011111 !
b110101 "
1&
1#
#13812
0&
0#
#13815
b1111111111010001 !
b1001000 "
1&
1#
#13818
0&
0#
#13821
b1111111111000011 !
b111001 "
1&
1#
#13824
0&
0#
#13827
b1111111111101100 !
b10011 "
1&
1#
#13830
0&
0#
#13833
b1111111111011011 !
b1111 "
1&
1#
#13836
0&
0#
#13839
b1111111111001001 !
b1111111111110000 "
1&
1#
#13842
0&
0#
#13845
b1111111111010001 !
b1111111111100100 "
1&
1#
#13848
0&
0#
#13851
b1111111111010100 !
b1111111110110101 "
1&
1#
#13854
0&
0#
#13857
b1111111111100110 !
b1111111110101001 "
1&
1#
#13860
0&
0#
#13863
b1111111111110110 !
b1111111110000011 "
1&
1#
#13866
0&
0#
#13869
b1111111111011110 !
b1111111101101010 "
1&
1#
#13872
0&
0#
#13875
b1111111111001100 !
b1111111101110100 "
1&
1#
#13878
0&
0#
#13881
b1111111110100101 !
b1111111101000010 "
1&
1#
#13884
0&
0#
#13887
b1111111110111011 !
b1111111101110001 "
1&
1#
#13890
0&
0#
#13893
b1111111110110010 !
b1111111101010101 "
1&
1#
#13896
0&
0#
#13899
b1111111110011010 !
b1111111101111000 "
1&
1#
#13902
0&
0#
#13905
b1111111110000000 !
b1111111110001111 "
1&
1#
#13908
0&
0#
#13911
b1111111110001111 !
b1111111111000101 "
1&
1#
#13914
0&
0#
#13917
b1111111110100001 !
b1111111111101101 "
1&
1#
#13920
0&
0#
#13923
b1111111110001100 !
b1111111111110101 "
1&
1#
#13926
0&
0#
#13929
b1111111110101101 !
b1101 "
1&
1#
#13932
0&
0#
#13935
b1111111110111000 !
b1111111111111011 "
1&
1#
#13938
0&
0#
#13941
b1111111111010010 !
b11001 "
1&
1#
#13944
0&
0#
#13947
b1111111110111101 !
b1111 "
1&
1#
#13950
0&
0#
#13953
b1111111111010100 !
b1111111111110001 "
1&
1#
#13956
0&
0#
#13959
b11111 !
b1111111111100101 "
1&
1#
#13962
0&
0#
#13965
b10101 !
b1111111111000000 "
1&
1#
#13968
0&
0#
#13971
b100111 !
b1111111111001110 "
1&
1#
#13974
0&
0#
#13977
b1110010 !
b1111111111011001 "
1&
1#
#13980
0&
0#
#13983
b10011001 !
b1111111111111100 "
1&
1#
#13986
0&
0#
#13989
b1111101 !
b1111111111111011 "
1&
1#
#13992
0&
0#
#13995
b1101111 !
b10011 "
1&
1#
#13998
0&
0#
#14001
b1011100 !
b11010 "
1&
1#
#14004
0&
0#
#14007
b11110 !
b11111 "
1&
1#
#14010
0&
0#
#14013
b1111111111101101 !
b100011 "
1&
1#
#14016
0&
0#
#14019
b1111111111011010 !
b11011 "
1&
1#
#14022
0&
0#
#14025
b1111111111001011 !
b100001 "
1&
1#
#14028
0&
0#
#14031
b1111111110110110 !
b1111111111110110 "
1&
1#
#14034
0&
0#
#14037
b1111111110101111 !
b111 "
1&
1#
#14040
0&
0#
#14043
b1111111110011011 !
b1111111111110100 "
1&
1#
#14046
0&
0#
#14049
b1000 "
1&
1#
#14052
0&
0#
#14055
b1111111111001100 !
b10001 "
1&
1#
#14058
0&
0#
#14061
b1111111111000100 !
b10000 "
1&
1#
#14064
0&
0#
#14067
b1111111111000011 !
b101 "
1&
1#
#14070
0&
0#
#14073
b1111111111011100 !
b1100 "
1&
1#
#14076
0&
0#
#14079
b10010 !
b1111111111111100 "
1&
1#
#14082
0&
0#
#14085
b101110 !
b1001 "
1&
1#
#14088
0&
0#
#14091
b1000101 !
b1100 "
1&
1#
#14094
0&
0#
#14097
b111101 !
b1111111111010101 "
1&
1#
#14100
0&
0#
#14103
b1100110 !
b1111111111011110 "
1&
1#
#14106
0&
0#
#14109
b10001110 !
b1111111111001100 "
1&
1#
#14112
0&
0#
#14115
b10010100 !
b1111111111011010 "
1&
1#
#14118
0&
0#
#14121
b10000011 !
b1111111111010110 "
1&
1#
#14124
0&
0#
#14127
b1101101 !
b1111111111100010 "
1&
1#
#14130
0&
0#
#14133
b1100010 !
b1111111111011101 "
1&
1#
#14136
0&
0#
#14139
b110110 !
b1111111111011110 "
1&
1#
#14142
0&
0#
#14145
b11001 !
b1010 "
1&
1#
#14148
0&
0#
#14151
b10100 !
b1111111111101101 "
1&
1#
#14154
0&
0#
#14157
b111 !
b1111 "
1&
1#
#14160
0&
0#
#14163
b1111111111111111 !
b1111111111111111 "
1&
1#
#14166
0&
0#
#14169
b101001 !
b1100 "
1&
1#
#14172
0&
0#
#14175
b100011 !
b1001 "
1&
1#
#14178
0&
0#
#14181
b1110 !
b100110 "
1&
1#
#14184
0&
0#
#14187
b101000 !
b10111 "
1&
1#
#14190
0&
0#
#14193
b100111 !
b100000 "
1&
1#
#14196
0&
0#
#14199
b0 !
b1000111 "
1&
1#
#14202
0&
0#
#14205
b1111111111110010 !
b1010001 "
1&
1#
#14208
0&
0#
#14211
b110001 !
b1100001 "
1&
1#
#14214
0&
0#
#14217
b10000011 !
b1100110 "
1&
1#
#14220
0&
0#
#14223
b1101000 !
b1011110 "
1&
1#
#14226
0&
0#
#14229
b1010001 !
b1010011 "
1&
1#
#14232
0&
0#
#14235
b1111001 !
b1101001 "
1&
1#
#14238
0&
0#
#14241
b10101000 !
b1101110 "
1&
1#
#14244
0&
0#
#14247
b10000101 !
b1001111 "
1&
1#
#14250
0&
0#
#14253
b10111 !
b1001011 "
1&
1#
#14256
0&
0#
#14259
b111001 !
b111011 "
1&
1#
#14262
0&
0#
#14265
b111000 !
b110010 "
1&
1#
#14268
0&
0#
#14271
b11011 !
b1001000 "
1&
1#
#14274
0&
0#
#14277
b1111111111110011 !
b111111 "
1&
1#
#14280
0&
0#
#14283
b111 !
b100011 "
1&
1#
#14286
0&
0#
#14289
b10101 !
b11001 "
1&
1#
#14292
0&
0#
#14295
b11010 !
b111000 "
1&
1#
#14298
0&
0#
#14301
b10111 !
b100111 "
1&
1#
#14304
0&
0#
#14307
b1111111111101011 !
b100100 "
1&
1#
#14310
0&
0#
#14313
b1111111111010101 !
b111000 "
1&
1#
#14316
0&
0#
#14319
b1111111111101101 !
b101111 "
1&
1#
#14322
0&
0#
#14325
b1111111111101010 !
1&
1#
#14328
0&
0#
#14331
b1111111111110001 !
b111011 "
1&
1#
#14334
0&
0#
#14337
b1111111110111111 !
b111110 "
1&
1#
#14340
0&
0#
#14343
b1111111110110011 !
b1101100 "
1&
1#
#14346
0&
0#
#14349
b1111111111001000 !
1&
1#
#14352
0&
0#
#14355
b1111111111011000 !
b1111000 "
1&
1#
#14358
0&
0#
#14361
b1111111111010101 !
b1110101 "
1&
1#
#14364
0&
0#
#14367
b1111111111011001 !
b1111010 "
1&
1#
#14370
0&
0#
#14373
b1111111111011111 !
b10000011 "
1&
1#
#14376
0&
0#
#14379
b100000 !
b1111101 "
1&
1#
#14382
0&
0#
#14385
b10000 !
b1111011 "
1&
1#
#14388
0&
0#
#14391
b1111111111111100 !
b1001010 "
1&
1#
#14394
0&
0#
#14397
b1111111111100011 !
b111110 "
1&
1#
#14400
0&
0#
#14403
b0 !
b101111 "
1&
1#
#14406
0&
0#
#14409
b1111111111111001 !
b10110 "
1&
1#
#14412
0&
0#
#14415
b1111111111001101 !
b1111111111111101 "
1&
1#
#14418
0&
0#
#14421
b1111111111111000 !
b1111111111001101 "
1&
1#
#14424
0&
0#
#14427
b11110 !
b1111111111001011 "
1&
1#
#14430
0&
0#
#14433
b1 !
b1111111110010011 "
1&
1#
#14436
0&
0#
#14439
b1111111111111001 !
b1111111110000111 "
1&
1#
#14442
0&
0#
#14445
b1111111111101111 !
b1111111110000110 "
1&
1#
#14448
0&
0#
#14451
b101000 !
b1111111110000001 "
1&
1#
#14454
0&
0#
#14457
b110110 !
b1111111110010000 "
1&
1#
#14460
0&
0#
#14463
b10110 !
b1111111110110000 "
1&
1#
#14466
0&
0#
#14469
b11010 !
b1111111111100000 "
1&
1#
#14472
0&
0#
#14475
b111101 !
b101 "
1&
1#
#14478
0&
0#
#14481
b1000000 !
b110000 "
1&
1#
#14484
0&
0#
#14487
b101010 !
b1001001 "
1&
1#
#14490
0&
0#
#14493
b1101 !
b1010000 "
1&
1#
#14496
0&
0#
#14499
b11100 !
b1011111 "
1&
1#
#14502
0&
0#
#14505
b1001 !
b1100110 "
1&
1#
#14508
0&
0#
#14511
b1111111111111101 !
b1011101 "
1&
1#
#14514
0&
0#
#14517
b1 !
b111100 "
1&
1#
#14520
0&
0#
#14523
b1111111111101101 !
b110010 "
1&
1#
#14526
0&
0#
#14529
b1111111111011011 !
b1000 "
1&
1#
#14532
0&
0#
#14535
b1111111111101100 !
b1111111111110101 "
1&
1#
#14538
0&
0#
#14541
b1111111111000000 !
b1111111111011110 "
1&
1#
#14544
0&
0#
#14547
b1111111111010110 !
b1111111110111011 "
1&
1#
#14550
0&
0#
#14553
b1111111111011001 !
b1111111110001101 "
1&
1#
#14556
0&
0#
#14559
b1111111111001000 !
b1111111110000110 "
1&
1#
#14562
0&
0#
#14565
b1111111111111010 !
b1111111101110101 "
1&
1#
#14568
0&
0#
#14571
b1111111111110111 !
b1111111101101111 "
1&
1#
#14574
0&
0#
#14577
b11010 !
b1111111101110000 "
1&
1#
#14580
0&
0#
#14583
b1 !
b1111111101101100 "
1&
1#
#14586
0&
0#
#14589
b111 !
b1111111101111111 "
1&
1#
#14592
0&
0#
#14595
b1011 !
b1111111110011001 "
1&
1#
#14598
0&
0#
#14601
b1111111111100011 !
b1111111110111010 "
1&
1#
#14604
0&
0#
#14607
b1111111110111011 !
b1111111111001011 "
1&
1#
#14610
0&
0#
#14613
b1111111111001000 !
b1111111111010100 "
1&
1#
#14616
0&
0#
#14619
b1111111111010101 !
b1111111111100011 "
1&
1#
#14622
0&
0#
#14625
b1111111111001010 !
b1111111111100010 "
1&
1#
#14628
0&
0#
#14631
b1111111110011011 !
b1111111111011110 "
1&
1#
#14634
0&
0#
#14637
b1111111110110000 !
b1111111111100010 "
1&
1#
#14640
0&
0#
#14643
b1111111111000110 !
b1111111111011100 "
1&
1#
#14646
0&
0#
#14649
b1111111111100001 !
b1111111111000011 "
1&
1#
#14652
0&
0#
#14655
b1111111111000000 !
b1111111111000110 "
1&
1#
#14658
0&
0#
#14661
b1111111110101010 !
b1111111110111110 "
1&
1#
#14664
0&
0#
#14667
b1111111111100100 !
1&
1#
#14670
0&
0#
#14673
b111 !
b1111111110110101 "
1&
1#
#14676
0&
0#
#14679
b1111111111011010 !
b1111111110000111 "
1&
1#
#14682
0&
0#
#14685
b1111111111111011 !
b1111111101111000 "
1&
1#
#14688
0&
0#
#14691
b1111111111101111 !
b1111111101110000 "
1&
1#
#14694
0&
0#
#14697
b1111111111001000 !
b1111111101110011 "
1&
1#
#14700
0&
0#
#14703
b1111111111000010 !
b1111111101111100 "
1&
1#
#14706
0&
0#
#14709
b1111111110110111 !
b1111111101110110 "
1&
1#
#14712
0&
0#
#14715
b1111111111001110 !
b1111111110100010 "
1&
1#
#14718
0&
0#
#14721
b1111111111010011 !
b1111111110011101 "
1&
1#
#14724
0&
0#
#14727
b10 !
b1111111111010001 "
1&
1#
#14730
0&
0#
#14733
b1001 !
b1111111111011001 "
1&
1#
#14736
0&
0#
#14739
b10011 !
b1111111111011111 "
1&
1#
#14742
0&
0#
#14745
b111001 !
b1111111111101001 "
1&
1#
#14748
0&
0#
#14751
b1011101 !
b1111111111110100 "
1&
1#
#14754
0&
0#
#14757
b101001 !
b1111111111111001 "
1&
1#
#14760
0&
0#
#14763
b100001 !
b1111111111101010 "
1&
1#
#14766
0&
0#
#14769
b111011 !
b1111111111111101 "
1&
1#
#14772
0&
0#
#14775
b1001111 !
b0 "
1&
1#
#14778
0&
0#
#14781
b100011 !
b11011 "
1&
1#
#14784
0&
0#
#14787
b1111111111111100 !
b110100 "
1&
1#
#14790
0&
0#
#14793
b1111111111011001 !
b10100 "
1&
1#
#14796
0&
0#
#14799
b1111111111010011 !
b101000 "
1&
1#
#14802
0&
0#
#14805
b1111111110101011 !
b110011 "
1&
1#
#14808
0&
0#
#14811
b1111111110110011 !
b110110 "
1&
1#
#14814
0&
0#
#14817
b1111111110001100 !
b110101 "
1&
1#
#14820
0&
0#
#14823
b1111111110100000 !
b100010 "
1&
1#
#14826
0&
0#
#14829
b1111111110110001 !
b1011 "
1&
1#
#14832
0&
0#
#14835
b1111111111001001 !
b111 "
1&
1#
#14838
0&
0#
#14841
b1111111111011100 !
b1111111111111010 "
1&
1#
#14844
0&
0#
#14847
b101101 !
b10 "
1&
1#
#14850
0&
0#
#14853
b110111 !
b1111111111101111 "
1&
1#
#14856
0&
0#
#14859
b1010000 !
b1111111111111010 "
1&
1#
#14862
0&
0#
#14865
b10001010 !
b1111111111111100 "
1&
1#
#14868
0&
0#
#14871
b10011000 !
b111 "
1&
1#
#14874
0&
0#
#14877
b1100100 !
b10101 "
1&
1#
#14880
0&
0#
#14883
b10001111 !
b1111111111111110 "
1&
1#
#14886
0&
0#
#14889
b1111011 !
b1111111111110110 "
1&
1#
#14892
0&
0#
#14895
b1000111 !
b1111111111110100 "
1&
1#
#14898
0&
0#
#14901
b10110 !
b1111111111100000 "
1&
1#
#14904
0&
0#
#14907
b110011 !
b1111111111111100 "
1&
1#
#14910
0&
0#
#14913
b100 !
b1111111111010100 "
1&
1#
#14916
0&
0#
#14919
b1111111111101001 !
b1111111111001011 "
1&
1#
#14922
0&
0#
#14925
b100 !
b1111111111001100 "
1&
1#
#14928
0&
0#
#14931
b101 !
b1111111111000000 "
1&
1#
#14934
0&
0#
#14937
b10 !
b1111111111000100 "
1&
1#
#14940
0&
0#
#14943
b1111111111111100 !
b1111111111010000 "
1&
1#
#14946
0&
0#
#14949
b10000 !
b1111111111010010 "
1&
1#
#14952
0&
0#
#14955
b1001 !
b1111111111010100 "
1&
1#
#14958
0&
0#
#14961
b1111111111101101 !
b1111111111100001 "
1&
1#
#14964
0&
0#
#14967
b10010 !
b1111111111110111 "
1&
1#
#14970
0&
0#
#14973
b1110 !
b1111111111111111 "
1&
1#
#14976
0&
0#
#14979
b1111111111100011 !
b1001 "
1&
1#
#14982
0&
0#
#14985
b1001 !
b10010 "
1&
1#
#14988
0&
0#
#14991
b1111111111111101 !
b11000 "
1&
1#
#14994
0&
0#
#14997
b1111111111100001 !
b11111 "
1&
1#
#15000
0&
0#
#15003
b1111111111001111 !
b110011 "
1&
1#
#15006
0&
0#
#15009
b1111111110111001 !
b11011 "
1&
1#
#15012
0&
0#
#15015
b1111111110101001 !
b10111 "
1&
1#
#15018
0&
0#
#15021
b1111111110001101 !
b100100 "
1&
1#
#15024
0&
0#
#15027
b1111111110011011 !
b1111111111111010 "
1&
1#
#15030
0&
0#
#15033
b1111111110110100 !
b111 "
1&
1#
#15036
0&
0#
#15039
b1111111110010011 !
b1111111111101011 "
1&
1#
#15042
0&
0#
#15045
b1111111110100011 !
b1111111111111100 "
1&
1#
#15048
0&
0#
#15051
b1111111110110100 !
b1111111111111010 "
1&
1#
#15054
0&
0#
#15057
b1111111110111010 !
b101 "
1&
1#
#15060
0&
0#
#15063
b1111111110101011 !
b100001 "
1&
1#
#15066
0&
0#
#15069
b1111111110110110 !
b110011 "
1&
1#
#15072
0&
0#
#15075
b1111111110110010 !
b1000100 "
1&
1#
#15078
0&
0#
#15081
b1111111111010111 !
b1000001 "
1&
1#
#15084
0&
0#
#15087
b100 !
b1001001 "
1&
1#
#15090
0&
0#
#15093
b1111111111001111 !
b1010001 "
1&
1#
#15096
0&
0#
#15099
b1111111111111000 !
b1001111 "
1&
1#
#15102
0&
0#
#15105
b1 !
b1010101 "
1&
1#
#15108
0&
0#
#15111
b1111111111011001 !
b110101 "
1&
1#
#15114
0&
0#
#15117
b11 !
b101110 "
1&
1#
#15120
0&
0#
#15123
b1111111111101001 !
b11111 "
1&
1#
#15126
0&
0#
#15129
b1111111111011001 !
b11101 "
1&
1#
#15132
0&
0#
#15135
b1111111111001011 !
b101110 "
1&
1#
#15138
0&
0#
#15141
b1111111111101010 !
b100110 "
1&
1#
#15144
0&
0#
#15147
b1111111111101011 !
b1 "
1&
1#
#15150
0&
0#
#15153
b1111111111100100 !
b100111 "
1&
1#
#15156
0&
0#
#15159
b1111111111001011 !
b101111 "
1&
1#
#15162
0&
0#
#15165
b1111111111101001 !
b100110 "
1&
1#
#15168
0&
0#
#15171
b10010 !
b111100 "
1&
1#
#15174
0&
0#
#15177
b1000 !
b101011 "
1&
1#
#15180
0&
0#
#15183
b1111111111111100 !
b10110 "
1&
1#
#15186
0&
0#
#15189
b101010 !
b1111111111110100 "
1&
1#
#15192
0&
0#
#15195
b1101101 !
b1111111111110011 "
1&
1#
#15198
0&
0#
#15201
b10101011 !
b1111111111011000 "
1&
1#
#15204
0&
0#
#15207
b1011101 !
b1111111110111111 "
1&
1#
#15210
0&
0#
#15213
b1101110 !
b1111111110101111 "
1&
1#
#15216
0&
0#
#15219
b1111110 !
b1111111110101100 "
1&
1#
#15222
0&
0#
#15225
b1101001 !
b1111111110110111 "
1&
1#
#15228
0&
0#
#15231
b1100100 !
b1111111111010000 "
1&
1#
#15234
0&
0#
#15237
b1010111 !
b1111111111011100 "
1&
1#
#15240
0&
0#
#15243
b1010010 !
b1111111111101101 "
1&
1#
#15246
0&
0#
#15249
b100001 !
b100 "
1&
1#
#15252
0&
0#
#15255
b1001000 !
b110011 "
1&
1#
#15258
0&
0#
#15261
b1001101 !
b1000111 "
1&
1#
#15264
0&
0#
#15267
b11100 !
b1100110 "
1&
1#
#15270
0&
0#
#15273
b100101 !
b1011000 "
1&
1#
#15276
0&
0#
#15279
b1110 !
b1011011 "
1&
1#
#15282
0&
0#
#15285
b1000 !
b1000101 "
1&
1#
#15288
0&
0#
#15291
b1111111111111110 !
b1000000 "
1&
1#
#15294
0&
0#
#15297
b1111111111111000 !
b100110 "
1&
1#
#15300
0&
0#
#15303
b1111111111110110 !
b1111111111110010 "
1&
1#
#15306
0&
0#
#15309
b1111111111100111 !
b1111111110110111 "
1&
1#
#15312
0&
0#
#15315
b1111111111100001 !
b1111111110100100 "
1&
1#
#15318
0&
0#
#15321
b1111111111011100 !
b1111111101111010 "
1&
1#
#15324
0&
0#
#15327
b1111111110111001 !
b1111111101100000 "
1&
1#
#15330
0&
0#
#15333
b1111111111001000 !
b1111111101011111 "
1&
1#
#15336
0&
0#
#15339
b1111111111000101 !
b1111111101101101 "
1&
1#
#15342
0&
0#
#15345
b1111111111000110 !
b1111111101100111 "
1&
1#
#15348
0&
0#
#15351
b1111111110111100 !
b1111111110011100 "
1&
1#
#15354
0&
0#
#15357
b1111111111010100 !
b1111111110011111 "
1&
1#
#15360
0&
0#
#15363
b1111111111000111 "
1&
1#
#15366
0&
0#
#15369
b1111111111001010 !
b1111111111010100 "
1&
1#
#15372
0&
0#
#15375
b1111111111101110 !
b1111111111110110 "
1&
1#
#15378
0&
0#
#15381
b11 !
b1111111111110101 "
1&
1#
#15384
0&
0#
#15387
b10011 !
b1111111111110001 "
1&
1#
#15390
0&
0#
#15393
b11010 !
b1000 "
1&
1#
#15396
0&
0#
#15399
b110110 !
b1111111111101101 "
1&
1#
#15402
0&
0#
#15405
b111001 !
b1111111111110010 "
1&
1#
#15408
0&
0#
#15411
b1011100 !
b1111111111101110 "
1&
1#
#15414
0&
0#
#15417
b110111 !
b1111111111100100 "
1&
1#
#15420
0&
0#
#15423
b1100 !
b1111111111101101 "
1&
1#
#15426
0&
0#
#15429
b10111 !
b1111111111101010 "
1&
1#
#15432
0&
0#
#15435
b1111111111011111 !
b1111111111111001 "
1&
1#
#15438
0&
0#
#15441
b1111111111000000 !
b1111111111111111 "
1&
1#
#15444
0&
0#
#15447
b1111111110100000 !
b1 "
1&
1#
#15450
0&
0#
#15453
b1111111110000010 !
b101000 "
1&
1#
#15456
0&
0#
#15459
b1111111101110100 !
b101111 "
1&
1#
#15462
0&
0#
#15465
b1111111110000101 !
b111110 "
1&
1#
#15468
0&
0#
#15471
b1111111101111010 !
b1011001 "
1&
1#
#15474
0&
0#
#15477
b1111111110001111 !
b1100000 "
1&
1#
#15480
0&
0#
#15483
b1111111110011000 !
b1110010 "
1&
1#
#15486
0&
0#
#15489
b1111111111100111 !
b1110111 "
1&
1#
#15492
0&
0#
#15495
b1111111110110011 !
b1110000 "
1&
1#
#15498
0&
0#
#15501
b1111111110011011 !
b1101110 "
1&
1#
#15504
0&
0#
#15507
b10110 !
b1010111 "
1&
1#
#15510
0&
0#
#15513
b0 !
b1011110 "
1&
1#
#15516
0&
0#
#15519
b1111111110001111 !
b1010000 "
1&
1#
#15522
0&
0#
#15525
b1111111110001001 !
b111111 "
1&
1#
#15528
0&
0#
#15531
b1111111111101100 !
b110101 "
1&
1#
#15534
0&
0#
#15537
b11 !
b110100 "
1&
1#
#15540
0&
0#
#15543
b1111111111001110 !
b101110 "
1&
1#
#15546
0&
0#
#15549
b1111111111001111 !
b10011 "
1&
1#
#15552
0&
0#
#15555
b1111111111101110 !
b100001 "
1&
1#
#15558
0&
0#
#15561
b11011 !
b1111111111111011 "
1&
1#
#15564
0&
0#
#15567
b1111111111111111 !
b10010 "
1&
1#
#15570
0&
0#
#15573
b1111111111011101 !
b100110 "
1&
1#
#15576
0&
0#
#15579
b1100 !
b1111111111111001 "
1&
1#
#15582
0&
0#
#15585
b110011 !
b100011 "
1&
1#
#15588
0&
0#
#15591
b110010 !
b10110 "
1&
1#
#15594
0&
0#
#15597
b1100 !
b101010 "
1&
1#
#15600
0&
0#
#15603
b111000 !
b100110 "
1&
1#
#15606
0&
0#
#15609
b1001100 !
b100011 "
1&
1#
#15612
0&
0#
#15615
b110100 !
b10001 "
1&
1#
#15618
0&
0#
#15621
b11000 !
b10010 "
1&
1#
#15624
0&
0#
#15627
b1010 !
b1011 "
1&
1#
#15630
0&
0#
#15633
b100001 !
b1111111111100100 "
1&
1#
#15636
0&
0#
#15639
b1111111111101100 !
b1111111111011000 "
1&
1#
#15642
0&
0#
#15645
b1111111111111001 !
b1111111111000000 "
1&
1#
#15648
0&
0#
#15651
b1111111111100101 !
b1111111110100100 "
1&
1#
#15654
0&
0#
#15657
b1111111111010111 !
b1111111110010110 "
1&
1#
#15660
0&
0#
#15663
b1111111111000111 !
b1111111101100111 "
1&
1#
#15666
0&
0#
#15669
b1111111111010100 !
b1111111101110000 "
1&
1#
#15672
0&
0#
#15675
b1111111111110011 !
b1111111101011000 "
1&
1#
#15678
0&
0#
#15681
b1111111111100100 !
b1111111101110101 "
1&
1#
#15684
0&
0#
#15687
b110000 !
b1111111110001001 "
1&
1#
#15690
0&
0#
#15693
b110111 !
b1111111110000010 "
1&
1#
#15696
0&
0#
#15699
b101011 !
b1111111110001101 "
1&
1#
#15702
0&
0#
#15705
b1011101 !
b1111111110001111 "
1&
1#
#15708
0&
0#
#15711
b1111111 !
b1111111111000000 "
1&
1#
#15714
0&
0#
#15717
b1011001 !
b1111111110111110 "
1&
1#
#15720
0&
0#
#15723
b110110 !
b1111111111001100 "
1&
1#
#15726
0&
0#
#15729
b1011000 !
b1111111111001001 "
1&
1#
#15732
0&
0#
#15735
b1000110 !
b1111111110111011 "
1&
1#
#15738
0&
0#
#15741
b101111 !
b1111111111110100 "
1&
1#
#15744
0&
0#
#15747
b101001 !
b1111111111101001 "
1&
1#
#15750
0&
0#
#15753
b11010 !
b1111111111111010 "
1&
1#
#15756
0&
0#
#15759
b1000001 !
b1000 "
1&
1#
#15762
0&
0#
#15765
b111011 !
b111 "
1&
1#
#15768
0&
0#
#15771
b10100 !
b10111 "
1&
1#
#15774
0&
0#
#15777
b101110 !
b100001 "
1&
1#
#15780
0&
0#
#15783
b1010001 !
b101110 "
1&
1#
#15786
0&
0#
#15789
b1100001 !
b110110 "
1&
1#
#15792
0&
0#
#15795
b1010001 !
b110011 "
1&
1#
#15798
0&
0#
#15801
b101010 !
b1000101 "
1&
1#
#15804
0&
0#
#15807
b111000 !
b111000 "
1&
1#
#15810
0&
0#
#15813
b1011 !
b110100 "
1&
1#
#15816
0&
0#
#15819
b1111111111110101 !
b101001 "
1&
1#
#15822
0&
0#
#15825
b1111111111100000 !
b100100 "
1&
1#
#15828
0&
0#
#15831
b1111111111001101 !
b11100 "
1&
1#
#15834
0&
0#
#15837
b1111111111100100 !
b1111111111111000 "
1&
1#
#15840
0&
0#
#15843
b1111111111011110 !
b1111111111110100 "
1&
1#
#15846
0&
0#
#15849
b1111111111100111 !
b1111111111010010 "
1&
1#
#15852
0&
0#
#15855
b111 !
b1111111111001001 "
1&
1#
#15858
0&
0#
#15861
b1010 !
b1111111111000000 "
1&
1#
#15864
0&
0#
#15867
b11111 !
b1111111111000001 "
1&
1#
#15870
0&
0#
#15873
b1 !
b1111111110111011 "
1&
1#
#15876
0&
0#
#15879
b1111111111010111 "
1&
1#
#15882
0&
0#
#15885
b10110 !
b1111111111110101 "
1&
1#
#15888
0&
0#
#15891
b11100 !
b10000 "
1&
1#
#15894
0&
0#
#15897
b10011 !
b1010101 "
1&
1#
#15900
0&
0#
#15903
b1111111111110000 !
b1100001 "
1&
1#
#15906
0&
0#
#15909
b1111111111101010 !
b1110111 "
1&
1#
#15912
0&
0#
#15915
b1111111111111011 !
b10011101 "
1&
1#
#15918
0&
0#
#15921
b10 !
b10100000 "
1&
1#
#15924
0&
0#
#15927
b1000 !
b10010001 "
1&
1#
#15930
0&
0#
#15933
b1010 !
b10010111 "
1&
1#
#15936
0&
0#
#15939
b11101 !
b1110010 "
1&
1#
#15942
0&
0#
#15945
b100110 !
b1001110 "
1&
1#
#15948
0&
0#
#15951
b1001001 !
b110110 "
1&
1#
#15954
0&
0#
#15957
b1010110 !
b1000110 "
1&
1#
#15960
0&
0#
#15963
b1000111 !
b1000001 "
1&
1#
#15966
0&
0#
#15969
b1000101 !
b1100 "
1&
1#
#15972
0&
0#
#15975
b1011001 !
b110110 "
1&
1#
#15978
0&
0#
#15981
b111000 !
b100100 "
1&
1#
#15984
0&
0#
#15987
b11000 !
b110100 "
1&
1#
#15990
0&
0#
#15993
b1101 !
b111101 "
1&
1#
#15996
0&
0#
#15999
b1111111111010101 !
b1001010 "
1&
1#
#16002
0&
0#
#16005
b1111111111001011 !
b11011 "
1&
1#
#16008
0&
0#
#16011
b1111111110111000 !
b0 "
1&
1#
#16014
0&
0#
#16017
b1111111110101101 !
b11100 "
1&
1#
#16020
0&
0#
#16023
b1111111110011111 !
b1111111111111101 "
1&
1#
#16026
0&
0#
#16029
b1111111110100111 !
b1111111111111111 "
1&
1#
#16032
0&
0#
#16035
b1111111110100101 !
b1111111111101000 "
1&
1#
#16038
0&
0#
#16041
b1111111110001000 !
b1111111111010001 "
1&
1#
#16044
0&
0#
#16047
b1111111110010111 !
b1111111111100000 "
1&
1#
#16050
0&
0#
#16053
b1111111110001100 !
b1111111111001101 "
1&
1#
#16056
0&
0#
#16059
b1111111101100110 !
b1111111111010011 "
1&
1#
#16062
0&
0#
#16065
b1111111101111011 !
b1111111110111111 "
1&
1#
#16068
0&
0#
#16071
b1111111110010111 !
b1111111111001000 "
1&
1#
#16074
0&
0#
#16077
b1111111110101101 !
b1111111111001010 "
1&
1#
#16080
0&
0#
#16083
b1111111110101000 !
b1111111111010001 "
1&
1#
#16086
0&
0#
#16089
b11100 !
b1111111111110000 "
1&
1#
#16092
0&
0#
#16095
b1010 !
b1111111111101001 "
1&
1#
#16098
0&
0#
#16101
b1101 !
b11000 "
1&
1#
#16104
0&
0#
#16107
b110011 !
b111 "
1&
1#
#16110
0&
0#
#16113
b110010 !
b11101 "
1&
1#
#16116
0&
0#
#16119
b101010 !
1&
1#
#16122
0&
0#
#16125
b111011 !
b10010 "
1&
1#
#16128
0&
0#
#16131
b1010101 !
b100000 "
1&
1#
#16134
0&
0#
#16137
b1001111 !
b1111111111111100 "
1&
1#
#16140
0&
0#
#16143
b1010110 !
b1111111111110011 "
1&
1#
#16146
0&
0#
#16149
b101001 !
b1111111110110011 "
1&
1#
#16152
0&
0#
#16155
b1010001 !
b1111111110111100 "
1&
1#
#16158
0&
0#
#16161
b1001100 !
b1111111110101001 "
1&
1#
#16164
0&
0#
#16167
b10100 !
b1111111110001000 "
1&
1#
#16170
0&
0#
#16173
b10 !
b1111111110010111 "
1&
1#
#16176
0&
0#
#16179
b11100 !
b1111111110000011 "
1&
1#
#16182
0&
0#
#16185
b11001 !
b1111111110010101 "
1&
1#
#16188
0&
0#
#16191
b0 !
b1111111110100000 "
1&
1#
#16194
0&
0#
#16197
b1111111111010010 !
b1111111110110110 "
1&
1#
#16200
0&
0#
#16203
b1111111111010111 !
b1111111110110100 "
1&
1#
#16206
0&
0#
#16209
b1111111111011011 !
b1111111110111001 "
1&
1#
#16212
0&
0#
#16215
b1111111111000011 !
b1111111111010110 "
1&
1#
#16218
0&
0#
#16221
b1111111110110110 !
b1111111110110010 "
1&
1#
#16224
0&
0#
#16227
b1111111111000001 !
b1111111111000000 "
1&
1#
#16230
0&
0#
#16233
b1111111111010001 !
b1111111110111100 "
1&
1#
#16236
0&
0#
#16239
b1111111110111101 !
b1111111110100110 "
1&
1#
#16242
0&
0#
#16245
b1111111110110111 !
b1111111110101111 "
1&
1#
#16248
0&
0#
#16251
b1111111111000000 !
b1111111110101010 "
1&
1#
#16254
0&
0#
#16257
b1111111110110010 !
b1111111110100010 "
1&
1#
#16260
0&
0#
#16263
b1111111110011010 !
b1111111110111101 "
1&
1#
#16266
0&
0#
#16269
b1111111110010011 !
b1111111111001010 "
1&
1#
#16272
0&
0#
#16275
b1111111110100011 !
b1111111111101111 "
1&
1#
#16278
0&
0#
#16281
b1111111110001100 !
b1111111111111001 "
1&
1#
#16284
0&
0#
#16287
b1111111110100100 !
b1101 "
1&
1#
#16290
0&
0#
#16293
b1111111110101001 !
b11000 "
1&
1#
#16296
0&
0#
#16299
b1111111111001000 !
b1111 "
1&
1#
#16302
0&
0#
#16305
b1111111110111111 !
b11011 "
1&
1#
#16308
0&
0#
#16311
b1111111111001101 !
b1011 "
1&
1#
#16314
0&
0#
#16317
b1111111111011000 !
b1111111111110110 "
1&
1#
#16320
0&
0#
#16323
b1111111111010111 !
b1111111111110001 "
1&
1#
#16326
0&
0#
#16329
b1111111111100000 !
b1111111111010111 "
1&
1#
#16332
0&
0#
#16335
b1111111111101110 !
b1111111111100110 "
1&
1#
#16338
0&
0#
#16341
b1111111111111010 !
b1111111111100001 "
1&
1#
#16344
0&
0#
#16347
b1111111111101010 !
b1111111111101100 "
1&
1#
#16350
0&
0#
#16353
b1111111111010010 !
b1111111111101111 "
1&
1#
#16356
0&
0#
#16359
b1111111110111100 !
b1111111111100110 "
1&
1#
#16362
0&
0#
#16365
b1111111111101100 !
b1111111111111000 "
1&
1#
#16368
0&
0#
#16371
b1111111111110011 !
b1111111111111001 "
1&
1#
#16374
0&
0#
#16377
b1111111111011110 !
b100 "
1&
1#
#16380
0&
0#
#16383
b1111111110111100 !
b1111111111111111 "
1&
1#
#16386
0&
0#
#16389
b1111111111101110 !
b1111111111011110 "
1&
1#
#16392
0&
0#
#16395
b1111111111011001 !
b1111111111011001 "
1&
1#
#16398
0&
0#
#16401
b1111111111101000 !
b1111111111000100 "
1&
1#
#16404
0&
0#
#16407
b1111111111001001 !
b1111111111000111 "
1&
1#
#16410
0&
0#
#16413
b1111111111101111 !
b1111111110101111 "
1&
1#
#16416
0&
0#
#16419
b1111111111011111 !
b1111111110011111 "
1&
1#
#16422
0&
0#
#16425
b1111111111001110 !
b1111111110011010 "
1&
1#
#16428
0&
0#
#16431
b1111111111001101 !
b1111111110100110 "
1&
1#
#16434
0&
0#
#16437
b1111111111100101 !
b1111111110111010 "
1&
1#
#16440
0&
0#
#16443
b1111111111000101 !
b1111111111010000 "
1&
1#
#16446
0&
0#
#16449
b1111111111100110 "
1&
1#
#16452
0&
0#
#16455
b1111111111001010 !
b1111111111111110 "
1&
1#
#16458
0&
0#
#16461
b10 !
b110010 "
1&
1#
#16464
0&
0#
#16467
b11100 !
b111101 "
1&
1#
#16470
0&
0#
#16473
b110000 !
b1011011 "
1&
1#
#16476
0&
0#
#16479
b111100 !
b1110000 "
1&
1#
#16482
0&
0#
#16485
b1011101 !
b1101111 "
1&
1#
#16488
0&
0#
#16491
b1000011 !
b1111001 "
1&
1#
#16494
0&
0#
#16497
b1000111 !
b10001111 "
1&
1#
#16500
0&
0#
#16503
b1011 !
b10010011 "
1&
1#
#16506
0&
0#
#16509
b1111111111110100 !
b1111001 "
1&
1#
#16512
0&
0#
#16515
b1111111111101100 !
b10001001 "
1&
1#
#16518
0&
0#
#16521
b1111111111010000 !
b10001011 "
1&
1#
#16524
0&
0#
#16527
b1111111110110010 !
b1100100 "
1&
1#
#16530
0&
0#
#16533
b1111111111011000 !
b1100111 "
1&
1#
#16536
0&
0#
#16539
b1111111111111001 !
b1000100 "
1&
1#
#16542
0&
0#
#16545
b1111111111110100 !
b101110 "
1&
1#
#16548
0&
0#
#16551
b111110 !
b1111111111101110 "
1&
1#
#16554
0&
0#
#16557
b110101 !
b1111111111111101 "
1&
1#
#16560
0&
0#
#16563
b1011011 !
b1111111111000000 "
1&
1#
#16566
0&
0#
#16569
b1111001 !
b1111111110101000 "
1&
1#
#16572
0&
0#
#16575
b10011001 !
b1111111111000011 "
1&
1#
#16578
0&
0#
#16581
b1011101 !
b1111111110101001 "
1&
1#
#16584
0&
0#
#16587
b11001 !
b1111111110110110 "
1&
1#
#16590
0&
0#
#16593
b11011 !
b1111111110101001 "
1&
1#
#16596
0&
0#
#16599
b10111 !
b1111111110101110 "
1&
1#
#16602
0&
0#
#16605
b10010 !
b1111111110100011 "
1&
1#
#16608
0&
0#
#16611
b1111111111100111 !
b1111111111000110 "
1&
1#
#16614
0&
0#
#16617
b1111111111111101 !
b1111111110110110 "
1&
1#
#16620
0&
0#
#16623
b10010 !
b1111111110111110 "
1&
1#
#16626
0&
0#
#16629
b1111111111111110 !
b1111111111011001 "
1&
1#
#16632
0&
0#
#16635
b1111111111011010 !
b1111111111011011 "
1&
1#
#16638
0&
0#
#16641
b1111111111101101 !
b1111111111110001 "
1&
1#
#16644
0&
0#
#16647
b10 !
b101 "
1&
1#
#16650
0&
0#
#16653
b1111111111000111 !
b110 "
1&
1#
#16656
0&
0#
#16659
b1111111111011110 !
b11110 "
1&
1#
#16662
0&
0#
#16665
b1111111111101111 !
b101000 "
1&
1#
#16668
0&
0#
#16671
b1111111111101110 !
b110011 "
1&
1#
#16674
0&
0#
#16677
b1111111111001110 !
b111111 "
1&
1#
#16680
0&
0#
#16683
b1111111111001000 !
b1001000 "
1&
1#
#16686
0&
0#
#16689
b1111111111100111 !
b111111 "
1&
1#
#16692
0&
0#
#16695
b1111111111110000 !
b1001001 "
1&
1#
#16698
0&
0#
#16701
b1111111111100101 !
b1011001 "
1&
1#
#16704
0&
0#
#16707
b1111111110111110 !
b1010011 "
1&
1#
#16710
0&
0#
#16713
b1111111111010110 !
b1010111 "
1&
1#
#16716
0&
0#
#16719
b1000011 !
b1101000 "
1&
1#
#16722
0&
0#
#16725
b1001010 !
b1100110 "
1&
1#
#16728
0&
0#
#16731
b1001011 !
b1101101 "
1&
1#
#16734
0&
0#
#16737
b110010 !
b1100110 "
1&
1#
#16740
0&
0#
#16743
b10000100 !
b1111001 "
1&
1#
#16746
0&
0#
#16749
b1010111 "
1&
1#
#16752
0&
0#
#16755
b1000010 !
b1011001 "
1&
1#
#16758
0&
0#
#16761
b111101 !
b1000100 "
1&
1#
#16764
0&
0#
#16767
b1001110 !
b111011 "
1&
1#
#16770
0&
0#
#16773
b110101 !
b101100 "
1&
1#
#16776
0&
0#
#16779
b111001 !
b11101 "
1&
1#
#16782
0&
0#
#16785
b1100100 !
b100010 "
1&
1#
#16788
0&
0#
#16791
b1101001 !
b11001 "
1&
1#
#16794
0&
0#
#16797
b10001111 !
b11110 "
1&
1#
#16800
0&
0#
#16803
b10011000 !
b10010 "
1&
1#
#16806
0&
0#
#16809
b10101110 !
b11001 "
1&
1#
#16812
0&
0#
#16815
b1011001 !
b100010 "
1&
1#
#16818
0&
0#
#16821
b110110 !
b110101 "
1&
1#
#16824
0&
0#
#16827
b1110100 !
b100111 "
1&
1#
#16830
0&
0#
#16833
b110011 !
b110000 "
1&
1#
#16836
0&
0#
#16839
b1111111111101111 !
b11010 "
1&
1#
#16842
0&
0#
#16845
b1111111111100101 !
b101010 "
1&
1#
#16848
0&
0#
#16851
b1111111111000100 !
b11110 "
1&
1#
#16854
0&
0#
#16857
b1111111111000101 !
b111101 "
1&
1#
#16860
0&
0#
#16863
b1111111111000001 !
b11100 "
1&
1#
#16866
0&
0#
#16869
b1111111110110111 !
b101000 "
1&
1#
#16872
0&
0#
#16875
b1111111110101111 !
b11000 "
1&
1#
#16878
0&
0#
#16881
b101001 "
1&
1#
#16884
0&
0#
#16887
b1111111111000010 !
b110100 "
1&
1#
#16890
0&
0#
#16893
b1111111110100100 !
b110011 "
1&
1#
#16896
0&
0#
#16899
b1111111110101011 !
b100111 "
1&
1#
#16902
0&
0#
#16905
b1111111110111000 !
1&
1#
#16908
0&
0#
#16911
b11010 "
1&
1#
#16914
0&
0#
#16917
b1111111110110011 !
b10100 "
1&
1#
#16920
0&
0#
#16923
b1111111111000100 !
b1111111111110111 "
1&
1#
#16926
0&
0#
#16929
b1111111111011010 !
b1111111111100000 "
1&
1#
#16932
0&
0#
#16935
b1111111111101100 !
b1111111110111101 "
1&
1#
#16938
0&
0#
#16941
b1111111111000010 !
b1111111110110110 "
1&
1#
#16944
0&
0#
#16947
b1111111110100010 !
b1111111110101000 "
1&
1#
#16950
0&
0#
#16953
b1111111110110010 !
b1111111111000010 "
1&
1#
#16956
0&
0#
#16959
b1111111111110001 !
1&
1#
#16962
0&
0#
#16965
b1111111110001110 !
b1111111111101011 "
1&
1#
#16968
0&
0#
#16971
b1111111101100001 !
b1111111111111001 "
1&
1#
#16974
0&
0#
#16977
b1111111101010100 !
b10110 "
1&
1#
#16980
0&
0#
#16983
b1111111101101101 !
b101000 "
1&
1#
#16986
0&
0#
#16989
b1111111110101010 !
b100100 "
1&
1#
#16992
0&
0#
#16995
b1111111100111110 !
b10101 "
1&
1#
#16998
0&
0#
#17001
b1111111101000011 !
b10 "
1&
1#
#17004
0&
0#
#17007
b1111111100111110 !
b1111111111101011 "
1&
1#
#17010
0&
0#
#17013
b1111111101000111 !
b1111111110100011 "
1&
1#
#17016
0&
0#
#17019
b1111111100110001 !
b1111111110101111 "
1&
1#
#17022
0&
0#
#17025
b1111111100110100 !
b1111111110000111 "
1&
1#
#17028
0&
0#
#17031
b1111111100101110 !
b1111111110000100 "
1&
1#
#17034
0&
0#
#17037
b1111111100101111 !
b1111111110000010 "
1&
1#
#17040
0&
0#
#17043
b1111111100101000 !
b1111111110000000 "
1&
1#
#17046
0&
0#
#17049
b1111111100101110 !
b1111111110110001 "
1&
1#
#17052
0&
0#
#17055
b1111111100101111 !
b1111111111001011 "
1&
1#
#17058
0&
0#
#17061
b1111111100101001 !
b1111111111110111 "
1&
1#
#17064
0&
0#
#17067
b1111111100100110 !
b1111111111101100 "
1&
1#
#17070
0&
0#
#17073
b1111111100101100 !
b1111111111111100 "
1&
1#
#17076
0&
0#
#17079
b1111111100100111 !
b1111111111111010 "
1&
1#
#17082
0&
0#
#17085
b1111111100011011 !
b10 "
1&
1#
#17088
0&
0#
#17091
b1111111100111101 !
b10101 "
1&
1#
#17094
0&
0#
#17097
b1111111101100001 !
b1000 "
1&
1#
#17100
0&
0#
#17103
b1111111110001011 !
1&
1#
#17106
0&
0#
#17109
b1111111110000100 !
b1111111111111111 "
1&
1#
#17112
0&
0#
#17115
b1111111110100001 !
b100001 "
1&
1#
#17118
0&
0#
#17121
b101 !
b10001 "
1&
1#
#17124
0&
0#
#17127
b1010101 !
b11111 "
1&
1#
#17130
0&
0#
#17133
b10100000 !
b10111 "
1&
1#
#17136
0&
0#
#17139
b11000111 !
b10010 "
1&
1#
#17142
0&
0#
#17145
b11110111 !
b110001 "
1&
1#
#17148
0&
0#
#17151
b101011010 !
b100010 "
1&
1#
#17154
0&
0#
#17157
b101010111 !
b10100 "
1&
1#
#17160
0&
0#
#17163
b101110101 !
b1111111111111110 "
1&
1#
#17166
0&
0#
#17169
b100010010 !
b10 "
1&
1#
#17172
0&
0#
#17175
b110000110 !
b1111111111110111 "
1&
1#
#17178
0&
0#
#17181
b110100000 !
b1111111111000111 "
1&
1#
#17184
0&
0#
#17187
b1101000100 !
b1111111111000110 "
1&
1#
#17190
0&
0#
#17193
b101011010 !
b1111111110000000 "
1&
1#
#17196
0&
0#
#17199
b1111111101001110 !
b1111111110010110 "
1&
1#
#17202
0&
0#
#17205
b1111111111001111 !
b1111111110000101 "
1&
1#
#17208
0&
0#
#17211
b1010010110 !
b1111111110010010 "
1&
1#
#17214
0&
0#
#17217
b11000001100 !
b1111111110010011 "
1&
1#
#17220
0&
0#
#17223
b110110010 !
b1111111110000011 "
1&
1#
#17226
0&
0#
#17229
b1011101 !
b1111111110011011 "
1&
1#
#17232
0&
0#
#17235
b11001001 !
b1111111110011101 "
1&
1#
#17238
0&
0#
#17241
b11110100 !
b1111111110011010 "
1&
1#
#17244
0&
0#
#17247
b110000 !
b1111111101111010 "
1&
1#
#17250
0&
0#
#17253
b1111111111101110 !
b1111111110000001 "
1&
1#
#17256
0&
0#
#17259
b1111111111001011 !
b1111111101011011 "
1&
1#
#17262
0&
0#
#17265
b1111111110000111 !
b1111111101101000 "
1&
1#
#17268
0&
0#
#17271
b1111111101011010 !
b1111111101011000 "
1&
1#
#17274
0&
0#
#17277
b1111111101010101 !
b1111111101101110 "
1&
1#
#17280
0&
0#
#17283
b1111111100110111 !
b1111111110011000 "
1&
1#
#17286
0&
0#
#17289
b1111111101000110 !
b1111111110110000 "
1&
1#
#17292
0&
0#
#17295
b1111111100110101 !
b1111111111011010 "
1&
1#
#17298
0&
0#
#17301
b1111111100101111 !
b1111111111100101 "
1&
1#
#17304
0&
0#
#17307
b1111111100110000 !
b111 "
1&
1#
#17310
0&
0#
#17313
b1111111100110010 !
b1000101 "
1&
1#
#17316
0&
0#
#17319
b1111111100101101 !
b1000110 "
1&
1#
#17322
0&
0#
#17325
b1111111100110100 !
b1001110 "
1&
1#
#17328
0&
0#
#17331
b1111111101010000 !
b1010011 "
1&
1#
#17334
0&
0#
#17337
b1111111101011010 !
b1001101 "
1&
1#
#17340
0&
0#
#17343
b1111111111011001 !
b1001100 "
1&
1#
#17346
0&
0#
#17349
b1111111111111100 !
b1011000 "
1&
1#
#17352
0&
0#
#17355
b1111110 !
b1100010 "
1&
1#
#17358
0&
0#
#17361
b11001110 !
b111110 "
1&
1#
#17364
0&
0#
#17367
b101000011 !
b1000010 "
1&
1#
#17370
0&
0#
#17373
b100011011 !
b1001000 "
1&
1#
#17376
0&
0#
#17379
b100111110 !
b111111 "
1&
1#
#17382
0&
0#
#17385
b1000001000 !
b1000101 "
1&
1#
#17388
0&
0#
#17391
b110111011 !
b111110 "
1&
1#
#17394
0&
0#
#17397
b1111111111001100 !
b110100 "
1&
1#
#17400
0&
0#
#17403
b10000101 !
b1000101 "
1&
1#
#17406
0&
0#
#17409
b11000000 !
b1100110 "
1&
1#
#17412
0&
0#
#17415
b110111 !
b10000011 "
1&
1#
#17418
0&
0#
#17421
b100101 !
b10000101 "
1&
1#
#17424
0&
0#
#17427
b1111111111001111 !
b10011010 "
1&
1#
#17430
0&
0#
#17433
b1111111110000111 !
b10011001 "
1&
1#
#17436
0&
0#
#17439
b1111111101101010 !
b11011001 "
1&
1#
#17442
0&
0#
#17445
b1111111101011101 !
b100010111 "
1&
1#
#17448
0&
0#
#17451
b1111111101001101 !
b11100100 "
1&
1#
#17454
0&
0#
#17457
b1111111101000000 !
b11110001 "
1&
1#
#17460
0&
0#
#17463
b1111111100110011 !
b11010111 "
1&
1#
#17466
0&
0#
#17469
b1111111100111110 !
b100001110 "
1&
1#
#17472
0&
0#
#17475
b1111111101010011 !
b100111110 "
1&
1#
#17478
0&
0#
#17481
b1111111101010101 !
b100100000 "
1&
1#
#17484
0&
0#
#17487
b1111111110111001 !
b100001010 "
1&
1#
#17490
0&
0#
#17493
b110000 !
b100001001 "
1&
1#
#17496
0&
0#
#17499
b1011111 !
b100101010 "
1&
1#
#17502
0&
0#
#17505
b10101010 !
b100011100 "
1&
1#
#17508
0&
0#
#17511
b100010111 !
b100101000 "
1&
1#
#17514
0&
0#
#17517
b10001000 !
b100011110 "
1&
1#
#17520
0&
0#
#17523
b11010000 !
b100011000 "
1&
1#
#17526
0&
0#
#17529
b10110000 !
b100010010 "
1&
1#
#17532
0&
0#
#17535
b1011011 !
b11111111 "
1&
1#
#17538
0&
0#
#17541
b110000 !
b11111010 "
1&
1#
#17544
0&
0#
#17547
b1100 !
b11101101 "
1&
1#
#17550
0&
0#
#17553
b1111111111001001 !
b11001010 "
1&
1#
#17556
0&
0#
#17559
b1111111110101010 !
b10011101 "
1&
1#
#17562
0&
0#
#17565
b1111111101100010 !
b1100101 "
1&
1#
#17568
0&
0#
#17571
b1111111101010011 !
b101110 "
1&
1#
#17574
0&
0#
#17577
b1111111101000010 !
b1 "
1&
1#
#17580
0&
0#
#17583
b1111111101001110 !
b1111111111000110 "
1&
1#
#17586
0&
0#
#17589
b1111111101000000 !
b1111111110001011 "
1&
1#
#17592
0&
0#
#17595
b1111111101101011 !
b1111111100011010 "
1&
1#
#17598
0&
0#
#17601
b1111111110111011 !
b1111111011011101 "
1&
1#
#17604
0&
0#
#17607
b1111111110111101 !
b1111111011001011 "
1&
1#
#17610
0&
0#
#17613
b100100 !
b1111111010010001 "
1&
1#
#17616
0&
0#
#17619
b10001000 !
b1111111001110111 "
1&
1#
#17622
0&
0#
#17625
b11011011 !
b1111111000010101 "
1&
1#
#17628
0&
0#
#17631
b11111100 !
b1111111001100011 "
1&
1#
#17634
0&
0#
#17637
b10010111 !
b1111111001111101 "
1&
1#
#17640
0&
0#
#17643
b1100010 !
b1111111011100000 "
1&
1#
#17646
0&
0#
#17649
b10001 !
b1111110111111010 "
1&
1#
#17652
0&
0#
#17655
b11 !
b1111111000011100 "
1&
1#
#17658
0&
0#
#17661
b100 !
b1111111000101000 "
1&
1#
#17664
0&
0#
#17667
b1111111101111100 !
b1111111100110001 "
1&
1#
#17670
0&
0#
#17673
b1111111010001111 "
1&
1#
#17676
0&
0#
#17679
b1111111101100101 !
b1111110101001001 "
1&
1#
#17682
0&
0#
#17685
b1111111101100010 !
b1111110010100011 "
1&
1#
#17688
0&
0#
#17691
b1111111101010111 !
b1111110010010001 "
1&
1#
#17694
0&
0#
#17697
b1111111101001011 !
b1111111010110001 "
1&
1#
#17700
0&
0#
#17703
b1111111111011111 !
b1111111101101011 "
1&
1#
#17706
0&
0#
#17709
b10001001 !
b1111111101001101 "
1&
1#
#17712
0&
0#
#17715
b111010 !
b1111111010000101 "
1&
1#
#17718
0&
0#
#17721
b1011111 !
b1111111111111011 "
1&
1#
#17724
0&
0#
#17727
b11100010 !
b11111011 "
1&
1#
#17730
0&
0#
#17733
b11101101 !
b101010111 "
1&
1#
#17736
0&
0#
#17739
b1100100 !
b101100001 "
1&
1#
#17742
0&
0#
#17745
b10010110 !
b100011011 "
1&
1#
#17748
0&
0#
#17751
b101111 !
b10111110 "
1&
1#
#17754
0&
0#
#17757
b1111111111110010 !
b100101100 "
1&
1#
#17760
0&
0#
#17763
b1111111110010001 !
b101000011 "
1&
1#
#17766
0&
0#
#17769
b1111111101011100 !
b11101001 "
1&
1#
#17772
0&
0#
#17775
b1111111101101011 !
b11011101 "
1&
1#
#17778
0&
0#
#17781
b1111111110010011 !
b10111100 "
1&
1#
#17784
0&
0#
#17787
b1111111110100110 !
b10010010 "
1&
1#
#17790
0&
0#
#17793
b1111111110111100 !
b1100100 "
1&
1#
#17796
0&
0#
#17799
b111 !
b1001101 "
1&
1#
#17802
0&
0#
#17805
b10011100 !
b1111111111011001 "
1&
1#
#17808
0&
0#
#17811
b1111101 !
b1111111110111010 "
1&
1#
#17814
0&
0#
#17817
b10000100 !
b1111111100111000 "
1&
1#
#17820
0&
0#
#17823
b11000001 !
b1111111011011000 "
1&
1#
#17826
0&
0#
#17829
b1000101 !
b1111111010001100 "
1&
1#
#17832
0&
0#
#17835
b1111111111110100 !
b1111111011000101 "
1&
1#
#17838
0&
0#
#17841
b1111111111010100 !
b1111111010010110 "
1&
1#
#17844
0&
0#
#17847
b1111111111000010 !
b1111111010000100 "
1&
1#
#17850
0&
0#
#17853
b1111111101111010 !
b1111111001100001 "
1&
1#
#17856
0&
0#
#17859
b1111111101011100 !
b1111111011001111 "
1&
1#
#17862
0&
0#
#17865
b1111111110010001 !
b1111111100110001 "
1&
1#
#17868
0&
0#
#17871
b1111111110111010 !
b1111111110100111 "
1&
1#
#17874
0&
0#
#17877
b1001001 !
b1111111111001110 "
1&
1#
#17880
0&
0#
#17883
b101111 !
b1111111110110011 "
1&
1#
#17886
0&
0#
#17889
b10010010 !
b1010101 "
1&
1#
#17892
0&
0#
#17895
b1011011 !
b11010111 "
1&
1#
#17898
0&
0#
#17901
b1101011 !
b11101000 "
1&
1#
#17904
0&
0#
#17907
b1001001 !
b11110101 "
1&
1#
#17910
0&
0#
#17913
b110111 !
b100001101 "
1&
1#
#17916
0&
0#
#17919
b1111111111100010 !
b11001110 "
1&
1#
#17922
0&
0#
#17925
b1111111110001110 !
b10111111 "
1&
1#
#17928
0&
0#
#17931
b1111111101111001 !
b11011001 "
1&
1#
#17934
0&
0#
#17937
b1111111110010100 !
b1111101 "
1&
1#
#17940
0&
0#
#17943
b1111111111110000 !
b111011 "
1&
1#
#17946
0&
0#
#17949
b1111111111011000 !
b1111111111101001 "
1&
1#
#17952
0&
0#
#17955
b1111110 !
b1111111110100011 "
1&
1#
#17958
0&
0#
#17961
b10001101 !
b1111111101100110 "
1&
1#
#17964
0&
0#
#17967
b1111001 !
b1111111100011100 "
1&
1#
#17970
0&
0#
#17973
b1101101 !
b1111111011101010 "
1&
1#
#17976
0&
0#
#17979
b10101001 !
b1111111100110111 "
1&
1#
#17982
0&
0#
#17985
b1010001 !
b1111111100010100 "
1&
1#
#17988
0&
0#
#17991
b1111111111111101 !
b1111111101110010 "
1&
1#
#17994
0&
0#
#17997
b110 !
b1111111110001110 "
1&
1#
#18000
0&
0#
#18003
b1111111101100101 !
b1111111111100101 "
1&
1#
#18006
0&
0#
#18009
b1111111110100011 !
b101100 "
1&
1#
#18012
0&
0#
#18015
b100110 !
b10001000 "
1&
1#
#18018
0&
0#
#18021
b111 !
b10011010 "
1&
1#
#18024
0&
0#
#18027
b101011 !
b11010011 "
1&
1#
#18030
0&
0#
#18033
b11001010 !
b11111000 "
1&
1#
#18036
0&
0#
#18039
b10010101 !
b11010110 "
1&
1#
#18042
0&
0#
#18045
b1100110 !
b11000011 "
1&
1#
#18048
0&
0#
#18051
b11010 !
b10100111 "
1&
1#
#18054
0&
0#
#18057
b1010101 !
b1011100 "
1&
1#
#18060
0&
0#
#18063
b110001 !
b110 "
1&
1#
#18066
0&
0#
#18069
b1111111110100000 !
b1111111111101111 "
1&
1#
#18072
0&
0#
#18075
b1111111111001110 !
b1111111110000110 "
1&
1#
#18078
0&
0#
#18081
b1011 !
b1111111101011011 "
1&
1#
#18084
0&
0#
#18087
b1100100 !
b1111111100110000 "
1&
1#
#18090
0&
0#
#18093
b1100101 !
b1111111100000101 "
1&
1#
#18096
0&
0#
#18099
b10101111 !
b1111111101001101 "
1&
1#
#18102
0&
0#
#18105
b10000111 !
b1111111101111100 "
1&
1#
#18108
0&
0#
#18111
b1010010 !
b1111111111111100 "
1&
1#
#18114
0&
0#
#18117
b100100 !
b110100 "
1&
1#
#18120
0&
0#
#18123
b1110011 !
b1010000 "
1&
1#
#18126
0&
0#
#18129
b111000 !
b10001010 "
1&
1#
#18132
0&
0#
#18135
b1111111110110100 !
b10101011 "
1&
1#
#18138
0&
0#
#18141
b1111111111010001 !
b11000010 "
1&
1#
#18144
0&
0#
#18147
b11100 !
b10110100 "
1&
1#
#18150
0&
0#
#18153
b10111100 !
b10010001 "
1&
1#
#18156
0&
0#
#18159
b10100100 !
b1011010 "
1&
1#
#18162
0&
0#
#18165
b11101100 !
b1111111111110011 "
1&
1#
#18168
0&
0#
#18171
b1110000 !
b1111111110101110 "
1&
1#
#18174
0&
0#
#18177
b1111111101001101 !
b1111111110001101 "
1&
1#
#18180
0&
0#
#18183
b1010 !
b1111111100011010 "
1&
1#
#18186
0&
0#
#18189
b10111 !
b1111111100100010 "
1&
1#
#18192
0&
0#
#18195
b1111111111111111 !
b1111111100110010 "
1&
1#
#18198
0&
0#
#18201
b1111111111010100 !
b1111111101101010 "
1&
1#
#18204
0&
0#
#18207
b111001 !
b1111111110000111 "
1&
1#
#18210
0&
0#
#18213
b101111 !
b110 "
1&
1#
#18216
0&
0#
#18219
b1011110 !
b11000 "
1&
1#
#18222
0&
0#
#18225
b11101001 !
b1011001 "
1&
1#
#18228
0&
0#
#18231
b10000010 !
b10100000 "
1&
1#
#18234
0&
0#
#18237
b10010110 !
b10010001 "
1&
1#
#18240
0&
0#
#18243
b1110110 !
b1100011 "
1&
1#
#18246
0&
0#
#18249
b1110 !
b1010011 "
1&
1#
#18252
0&
0#
#18255
b1111111110111000 !
b101 "
1&
1#
#18258
0&
0#
#18261
b1111111111110111 !
b1111111110111001 "
1&
1#
#18264
0&
0#
#18267
b10010010 !
b1111111101111110 "
1&
1#
#18270
0&
0#
#18273
b10010001 !
b1111111101111111 "
1&
1#
#18276
0&
0#
#18279
b1111111111001101 !
b1111111101001111 "
1&
1#
#18282
0&
0#
#18285
b10011101 !
b1111111101100101 "
1&
1#
#18288
0&
0#
#18291
b100100 !
b1111111111000010 "
1&
1#
#18294
0&
0#
#18297
b1101110 !
b1111111111101001 "
1&
1#
#18300
0&
0#
#18303
b101010 !
b1000100 "
1&
1#
#18306
0&
0#
#18309
b1111111110100000 !
b1100001 "
1&
1#
#18312
0&
0#
#18315
b111001 !
b1100011 "
1&
1#
#18318
0&
0#
#18321
b11100 !
b1011101 "
1&
1#
#18324
0&
0#
#18327
b10101000 !
b1001111 "
1&
1#
#18330
0&
0#
#18333
b101101 !
b1010100 "
1&
1#
#18336
0&
0#
#18339
b1011001 !
b1111111111010110 "
1&
1#
#18342
0&
0#
#18345
b11110 !
b1111111111001000 "
1&
1#
#18348
0&
0#
#18351
b1101001 !
b1111111101001001 "
1&
1#
#18354
0&
0#
#18357
b1111111110000111 !
b1111111110000110 "
1&
1#
#18360
0&
0#
#18363
b1111111110110001 !
b1111111110100000 "
1&
1#
#18366
0&
0#
#18369
b111000 !
b1111111111010010 "
1&
1#
#18372
0&
0#
#18375
b10101100 !
b1111111111101110 "
1&
1#
#18378
0&
0#
#18381
b10010 !
b1111111111111110 "
1&
1#
#18384
0&
0#
#18387
b1111111110101010 !
b111101 "
1&
1#
#18390
0&
0#
#18393
b111100 !
b1001100 "
1&
1#
#18396
0&
0#
#18399
b11011 !
b1100100 "
1&
1#
#18402
0&
0#
#18405
b1101 !
b10111 "
1&
1#
#18408
0&
0#
#18411
b1111111110000011 !
b1111111111111111 "
1&
1#
#18414
0&
0#
#18417
b1111111110110001 !
b1111111101111001 "
1&
1#
#18420
0&
0#
#18423
b110111 !
1&
1#
#18426
0&
0#
#18429
b1111111111110100 !
b1111111101100000 "
1&
1#
#18432
0&
0#
#18435
b1111111110111010 !
b1111111101101100 "
1&
1#
#18438
0&
0#
#18441
b1111111111000100 !
b1111111110011000 "
1&
1#
#18444
0&
0#
#18447
b1111111111001011 !
b1111111110101111 "
1&
1#
#18450
0&
0#
#18453
b1111111111100010 !
b1111111111001100 "
1&
1#
#18456
0&
0#
#18459
b1111111110011000 !
b1111111111100010 "
1&
1#
#18462
0&
0#
#18465
b1111111101001111 !
b1001110 "
1&
1#
#18468
0&
0#
#18471
b1111111101111001 !
b100100 "
1&
1#
#18474
0&
0#
#18477
b10010 !
b1111111111101010 "
1&
1#
#18480
0&
0#
#18483
b1111111111010001 !
b1111111111111010 "
1&
1#
#18486
0&
0#
#18489
b1111111101011111 !
b1111111110010110 "
1&
1#
#18492
0&
0#
#18495
b1111111101101000 !
b1111111101011111 "
1&
1#
#18498
0&
0#
#18501
b1111111111110001 !
b1111111110001101 "
1&
1#
#18504
0&
0#
#18507
b1110011 !
b1111111101100100 "
1&
1#
#18510
0&
0#
#18513
b1111111111100011 !
b1111111110101010 "
1&
1#
#18516
0&
0#
#18519
b1111111110001100 !
b1111111110111001 "
1&
1#
#18522
0&
0#
#18525
b11101 !
b1111111110111101 "
1&
1#
#18528
0&
0#
#18531
b1010101 !
b1111111111010010 "
1&
1#
#18534
0&
0#
#18537
b1111111111101101 !
b1111111111001111 "
1&
1#
#18540
0&
0#
#18543
b1111111110011010 !
b1111111111110111 "
1&
1#
#18546
0&
0#
#18549
b1111111110100110 !
b1111111110110111 "
1&
1#
#18552
0&
0#
#18555
b1111111110010000 !
b1111111110101111 "
1&
1#
#18558
0&
0#
#18561
b1111111101111011 !
b1111111101001101 "
1&
1#
#18564
0&
0#
#18567
b1111111110000001 !
b1111111101100000 "
1&
1#
#18570
0&
0#
#18573
b1111111110001010 !
b1111111101111001 "
1&
1#
#18576
0&
0#
#18579
b1111111111000010 !
b1111111110111101 "
1&
1#
#18582
0&
0#
#18585
b1111111111110011 !
b1111111110110100 "
1&
1#
#18588
0&
0#
#18591
b1111111110010100 !
b1111111110011110 "
1&
1#
#18594
0&
0#
#18597
b1111111101100100 !
b1111111110101101 "
1&
1#
#18600
0&
0#
#18603
b1111111111100110 !
b1111111110101011 "
1&
1#
#18606
0&
0#
#18609
b100010 !
b1111111111101101 "
1&
1#
#18612
0&
0#
#18615
b11100 !
b1111111110110111 "
1&
1#
#18618
0&
0#
#18621
b1 !
b1111111110011011 "
1&
1#
#18624
0&
0#
#18627
b10000001 !
b1111111101001001 "
1&
1#
#18630
0&
0#
#18633
b10001011 !
b1111111101100101 "
1&
1#
#18636
0&
0#
#18639
b1110101 !
b1111111111010100 "
1&
1#
#18642
0&
0#
#18645
b1111010 !
b1111111111010111 "
1&
1#
#18648
0&
0#
#18651
b10000101 !
b11101 "
1&
1#
#18654
0&
0#
#18657
b1000110 !
b1111111110110001 "
1&
1#
#18660
0&
0#
#18663
b111010 !
b1111111110001100 "
1&
1#
#18666
0&
0#
#18669
b1000101 !
b1111111110101010 "
1&
1#
#18672
0&
0#
#18675
b11100 !
b1111111111010100 "
1&
1#
#18678
0&
0#
#18681
b1 !
b1111111110011011 "
1&
1#
#18684
0&
0#
#18687
b111011 !
b1111111100111111 "
1&
1#
#18690
0&
0#
#18693
b1010110 !
b1111111101111101 "
1&
1#
#18696
0&
0#
#18699
b111101 !
b1111111100100010 "
1&
1#
#18702
0&
0#
#18705
b1001111 !
b1111111101111011 "
1&
1#
#18708
0&
0#
#18711
b1010110 !
b1111111110110110 "
1&
1#
#18714
0&
0#
#18717
b101110 !
b1111111111001011 "
1&
1#
#18720
0&
0#
#18723
b111010 !
b1111111110111110 "
1&
1#
#18726
0&
0#
#18729
b1000011 !
b1111111110111101 "
1&
1#
#18732
0&
0#
#18735
b110111 !
b1111111101111100 "
1&
1#
#18738
0&
0#
#18741
b0 !
b1111111110111110 "
1&
1#
#18744
0&
0#
#18747
b1111111111110001 !
b1111111101111001 "
1&
1#
#18750
0&
0#
#18753
b1111111111111100 !
b1111111111101111 "
1&
1#
#18756
0&
0#
#18759
b1111111111110010 !
b1111111110000001 "
1&
1#
#18762
0&
0#
#18765
b1111111111100010 !
b1111111110011110 "
1&
1#
#18768
0&
0#
#18771
b1111111111011000 !
b1111111111010100 "
1&
1#
#18774
0&
0#
#18777
b1111111110110010 !
b1111111101110111 "
1&
1#
#18780
0&
0#
#18783
b1111111110101110 !
b10 "
1&
1#
#18786
0&
0#
#18789
b1111111111001001 !
b1111111110000101 "
1&
1#
#18792
0&
0#
#18795
b1111111110111000 !
b1111111111011110 "
1&
1#
#18798
0&
0#
#18801
b1111111110100100 !
b1111111110010000 "
1&
1#
#18804
0&
0#
#18807
b1111111110111010 !
b1111111111011100 "
1&
1#
#18810
0&
0#
#18813
b1111111111000000 !
b1111111110110101 "
1&
1#
#18816
0&
0#
#18819
b1111111111001000 !
b1111111111110111 "
1&
1#
#18822
0&
0#
#18825
b1111111111001100 !
b1000 "
1&
1#
#18828
0&
0#
#18831
b1111111111011010 "
1&
1#
#18834
0&
0#
#18837
b1111111111001010 !
b1111111111011011 "
1&
1#
#18840
0&
0#
#18843
b1111111111011001 !
b1111111111000001 "
1&
1#
#18846
0&
0#
#18849
b1111111111111000 "
1&
1#
#18852
0&
0#
#18855
b1111111111000011 !
b1111111111100110 "
1&
1#
#18858
0&
0#
#18861
b1111111110110011 !
b100000 "
1&
1#
#18864
0&
0#
#18867
b1111111111011001 !
b1111111111100110 "
1&
1#
#18870
0&
0#
#18873
b1111111111000011 !
b1100 "
1&
1#
#18876
0&
0#
#18879
b1111111111000111 !
b110000 "
1&
1#
#18882
0&
0#
#18885
b1111111110111111 !
b10100 "
1&
1#
#18888
0&
0#
#18891
b1111111111101101 !
b1100101 "
1&
1#
#18894
0&
0#
#18897
b1111111111100000 !
b101000 "
1&
1#
#18900
0&
0#
#18903
b1111111111011100 !
b1000100 "
1&
1#
#18906
0&
0#
#18909
b1111111111111101 !
b1011110 "
1&
1#
#18912
0&
0#
#18915
b100101 !
b1010110 "
1&
1#
#18918
0&
0#
#18921
b1011111 !
b1101001 "
1&
1#
#18924
0&
0#
#18927
b1000100 !
b1110001 "
1&
1#
#18930
0&
0#
#18933
b1001000 !
b10011101 "
1&
1#
#18936
0&
0#
#18939
b1001010 !
b1011101 "
1&
1#
#18942
0&
0#
#18945
b100 !
b1101100 "
1&
1#
#18948
0&
0#
#18951
b10001 !
b100111 "
1&
1#
#18954
0&
0#
#18957
b1111111111100010 !
b111110 "
1&
1#
#18960
0&
0#
#18963
b1111111110111101 !
b1100001 "
1&
1#
#18966
0&
0#
#18969
b1111111110101011 !
b10101 "
1&
1#
#18972
0&
0#
#18975
b1111111110110110 !
b1111111111110000 "
1&
1#
#18978
0&
0#
#18981
b1111111110011110 !
b1111111111100110 "
1&
1#
#18984
0&
0#
#18987
b1111111110001011 !
b1111111111111111 "
1&
1#
#18990
0&
0#
#18993
b1111111110100011 !
b1001111 "
1&
1#
#18996
0&
0#
#18999
b1111111110111000 !
b1001010 "
1&
1#
#19002
0&
0#
#19005
b1111111111000010 !
b111010 "
1&
1#
#19008
0&
0#
#19011
b1111111110101010 !
b1011001 "
1&
1#
#19014
0&
0#
#19017
b1111111111001111 !
b10011100 "
1&
1#
#19020
0&
0#
#19023
b1111 !
b10011110 "
1&
1#
#19026
0&
0#
#19029
b1011010 !
b10000010 "
1&
1#
#19032
0&
0#
#19035
b10011 !
b10010000 "
1&
1#
#19038
0&
0#
#19041
b1001111 !
b1011000 "
1&
1#
#19044
0&
0#
#19047
b1010010 !
b1000010 "
1&
1#
#19050
0&
0#
#19053
b1010100 !
b1000100 "
1&
1#
#19056
0&
0#
#19059
b100100 !
b100001 "
1&
1#
#19062
0&
0#
#19065
b100010 !
b11 "
1&
1#
#19068
0&
0#
#19071
b101111 !
b11000 "
1&
1#
#19074
0&
0#
#19077
b1101 !
b1111111110110110 "
1&
1#
#19080
0&
0#
#19083
b11011 !
b1111111110010101 "
1&
1#
#19086
0&
0#
#19089
b10000 !
b1111111110000000 "
1&
1#
#19092
0&
0#
#19095
b1111111111110100 !
b1111111110010111 "
1&
1#
#19098
0&
0#
#19101
b1001 !
b1111111101101111 "
1&
1#
#19104
0&
0#
#19107
b1111111111010000 !
b1111111101101100 "
1&
1#
#19110
0&
0#
#19113
b1111111110011100 !
b1111111101111001 "
1&
1#
#19116
0&
0#
#19119
b1111111110001110 "
1&
1#
#19122
0&
0#
#19125
b1111111111010110 !
b1111111110101100 "
1&
1#
#19128
0&
0#
#19131
b1111111111011010 !
b1111111111000000 "
1&
1#
#19134
0&
0#
#19137
b1111111110010010 !
b1111111111001001 "
1&
1#
#19140
0&
0#
#19143
b1111111101111010 !
b1111111111000111 "
1&
1#
#19146
0&
0#
#19149
b1111111110011001 !
b1111111111000000 "
1&
1#
#19152
0&
0#
#19155
b1111111110101110 !
b1111111111000010 "
1&
1#
#19158
0&
0#
#19161
b1111111110001100 !
b1111111110101000 "
1&
1#
#19164
0&
0#
#19167
b1111111110001000 !
b1111111110010111 "
1&
1#
#19170
0&
0#
#19173
b1111111110100001 !
b1111111110011101 "
1&
1#
#19176
0&
0#
#19179
b1111111111100000 !
b1111111110101001 "
1&
1#
#19182
0&
0#
#19185
b1111111111001010 !
b1111111110110000 "
1&
1#
#19188
0&
0#
#19191
b1111111111010100 !
b1111111111001000 "
1&
1#
#19194
0&
0#
#19197
b1111111111100001 !
b1111111111000011 "
1&
1#
#19200
0&
0#
#19203
b1111111111110110 !
b1111111111011000 "
1&
1#
#19206
0&
0#
#19209
b1111111111111110 !
b1111111111111111 "
1&
1#
#19212
0&
0#
#19215
b10101 !
b11011 "
1&
1#
#19218
0&
0#
#19221
b1000 !
b100011 "
1&
1#
#19224
0&
0#
#19227
b1010010 !
b100010 "
1&
1#
#19230
0&
0#
#19233
b110000 !
b110011 "
1&
1#
#19236
0&
0#
#19239
b100111 !
b1000010 "
1&
1#
#19242
0&
0#
#19245
b1111111111101110 !
b1010001 "
1&
1#
#19248
0&
0#
#19251
b11101 !
b1010011 "
1&
1#
#19254
0&
0#
#19257
b1010101 "
1&
1#
#19260
0&
0#
#19263
b1111111111111101 !
b1000011 "
1&
1#
#19266
0&
0#
#19269
b11 !
b111010 "
1&
1#
#19272
0&
0#
#19275
b101101 !
b1010000 "
1&
1#
#19278
0&
0#
#19281
b110111 !
b1000101 "
1&
1#
#19284
0&
0#
#19287
b1111111111111000 !
b101100 "
1&
1#
#19290
0&
0#
#19293
b1111111111100111 !
b110010 "
1&
1#
#19296
0&
0#
#19299
b10111 !
b111000 "
1&
1#
#19302
0&
0#
#19305
b11010 !
b110011 "
1&
1#
#19308
0&
0#
#19311
b1111111111011100 !
b111011 "
1&
1#
#19314
0&
0#
#19317
b1110 !
b111001 "
1&
1#
#19320
0&
0#
#19323
b1101001 !
b111110 "
1&
1#
#19326
0&
0#
#19329
b1111101 !
b110110 "
1&
1#
#19332
0&
0#
#19335
b110101 !
b1001010 "
1&
1#
#19338
0&
0#
#19341
b11110 !
b110000 "
1&
1#
#19344
0&
0#
#19347
b1001100 !
b101111 "
1&
1#
#19350
0&
0#
#19353
b1000101 !
b11001 "
1&
1#
#19356
0&
0#
#19359
b11111 !
b1100 "
1&
1#
#19362
0&
0#
#19365
b1111111110111010 !
b1111111111111001 "
1&
1#
#19368
0&
0#
#19371
b1111111111110011 !
b1111111111011010 "
1&
1#
#19374
0&
0#
#19377
b0 !
b1111111111011011 "
1&
1#
#19380
0&
0#
#19383
b110011 !
b1111111110101100 "
1&
1#
#19386
0&
0#
#19389
b1111111111111111 !
b1111111110111001 "
1&
1#
#19392
0&
0#
#19395
b10010 !
b1111111110110011 "
1&
1#
#19398
0&
0#
#19401
b1001001 !
b1111111111000010 "
1&
1#
#19404
0&
0#
#19407
b1101001 !
b1111111111111111 "
1&
1#
#19410
0&
0#
#19413
b1000000 !
b1111111111111110 "
1&
1#
#19416
0&
0#
#19419
b110101 !
b111011 "
1&
1#
#19422
0&
0#
#19425
b11000 !
b1000101 "
1&
1#
#19428
0&
0#
#19431
b110010 !
b1011101 "
1&
1#
#19434
0&
0#
#19437
b1111111111111010 !
b1101100 "
1&
1#
#19440
0&
0#
#19443
b1111111111000101 !
b1110101 "
1&
1#
#19446
0&
0#
#19449
b1111111110110001 !
b1110001 "
1&
1#
#19452
0&
0#
#19455
b1111111111010000 !
b1010101 "
1&
1#
#19458
0&
0#
#19461
b1111111111100101 !
b1010011 "
1&
1#
#19464
0&
0#
#19467
b1111111110111000 !
b101000 "
1&
1#
#19470
0&
0#
#19473
b1111111111000111 !
b11100 "
1&
1#
#19476
0&
0#
#19479
b1111111111011111 !
b1111111111111100 "
1&
1#
#19482
0&
0#
#19485
b110 !
b1111111111101100 "
1&
1#
#19488
0&
0#
#19491
b100000 !
b1111111110110111 "
1&
1#
#19494
0&
0#
#19497
b0 !
b1111111110111111 "
1&
1#
#19500
0&
0#
#19503
b10011 !
b1111111110001011 "
1&
1#
#19506
0&
0#
#19509
b101 !
b1111111110110111 "
1&
1#
#19512
0&
0#
#19515
b1111111111101011 !
b1111111110110001 "
1&
1#
#19518
0&
0#
#19521
b1111111111110111 !
b1111111110110101 "
1&
1#
#19524
0&
0#
#19527
b10110 !
b1111111111001110 "
1&
1#
#19530
0&
0#
#19533
b1111111111101110 !
b1111111111001101 "
1&
1#
#19536
0&
0#
#19539
b1111111110101101 !
b1111111111101010 "
1&
1#
#19542
0&
0#
#19545
b1111111111000110 !
b1111111111110010 "
1&
1#
#19548
0&
0#
#19551
b1111111111011011 !
b10110 "
1&
1#
#19554
0&
0#
#19557
b1111111111010101 !
b11110 "
1&
1#
#19560
0&
0#
#19563
b1111111110110110 !
b10000 "
1&
1#
#19566
0&
0#
#19569
b1111111111010001 !
b1000100 "
1&
1#
#19572
0&
0#
#19575
b11001 !
b1001000 "
1&
1#
#19578
0&
0#
#19581
b100001 !
b1101110 "
1&
1#
#19584
0&
0#
#19587
b1011 !
b1101101 "
1&
1#
#19590
0&
0#
#19593
b11110 !
b1100110 "
1&
1#
#19596
0&
0#
#19599
b111001 !
b1100011 "
1&
1#
#19602
0&
0#
#19605
b10110 !
b1101011 "
1&
1#
#19608
0&
0#
#19611
b1111111111110110 !
b10001100 "
1&
1#
#19614
0&
0#
#19617
b1111111111101101 !
b1111111 "
1&
1#
#19620
0&
0#
#19623
b1111111111111000 !
b1101101 "
1&
1#
#19626
0&
0#
#19629
b1111111111001001 !
b1000010 "
1&
1#
#19632
0&
0#
#19635
b1111111111000111 !
b1001010 "
1&
1#
#19638
0&
0#
#19641
b1111111110111111 !
b1000100 "
1&
1#
#19644
0&
0#
#19647
b1111111110101101 !
b111001 "
1&
1#
#19650
0&
0#
#19653
b1111111110111101 !
b1110 "
1&
1#
#19656
0&
0#
#19659
b1111111110100000 !
b1111111111111101 "
1&
1#
#19662
0&
0#
#19665
b1111111110010011 !
b1111111111111001 "
1&
1#
#19668
0&
0#
#19671
b1111111110011111 !
b1111111111101100 "
1&
1#
#19674
0&
0#
#19677
b1111111110110110 !
b1111111111011011 "
1&
1#
#19680
0&
0#
#19683
b1111111110101101 !
b1111111111101010 "
1&
1#
#19686
0&
0#
#19689
b1111111110011101 !
b1111111111000001 "
1&
1#
#19692
0&
0#
#19695
b1111111110101110 !
b1111111111011110 "
1&
1#
#19698
0&
0#
#19701
b1111111110111000 !
b1111111111001010 "
1&
1#
#19704
0&
0#
#19707
b1111111111010010 !
b1111111111101111 "
1&
1#
#19710
0&
0#
#19713
b101110 !
b1111111111100000 "
1&
1#
#19716
0&
0#
#19719
b1011110 !
b1111111111101001 "
1&
1#
#19722
0&
0#
#19725
b1111111 !
b1111111111101110 "
1&
1#
#19728
0&
0#
#19731
b10110110 !
b1111111111100101 "
1&
1#
#19734
0&
0#
#19737
b11010011 !
b1111111111101001 "
1&
1#
#19740
0&
0#
#19743
b11001010 !
b1111111111011101 "
1&
1#
#19746
0&
0#
#19749
b10110001 !
b1111111111110100 "
1&
1#
#19752
0&
0#
#19755
b10100100 !
b1111111111101010 "
1&
1#
#19758
0&
0#
#19761
b10010111 !
b1111111111010111 "
1&
1#
#19764
0&
0#
#19767
b10001011 !
1&
1#
#19770
0&
0#
#19773
b10001010 !
b1111111111011001 "
1&
1#
#19776
0&
0#
#19779
b1100010 !
b1111111111001011 "
1&
1#
#19782
0&
0#
#19785
b1100001 !
b1111111110110011 "
1&
1#
#19788
0&
0#
#19791
b110000 !
b1111111110011101 "
1&
1#
#19794
0&
0#
#19797
b1111 !
1&
1#
#19800
0&
0#
#19803
b100000 !
b1111111110111001 "
1&
1#
#19806
0&
0#
#19809
b10 !
b1111111111000010 "
1&
1#
#19812
0&
0#
#19815
b1111111111110100 !
b1111111111010011 "
1&
1#
#19818
0&
0#
#19821
b1111111111110111 !
b1111111111000111 "
1&
1#
#19824
0&
0#
#19827
b11011 !
b1111111111111001 "
1&
1#
#19830
0&
0#
#19833
b10100 !
b1111111111100001 "
1&
1#
#19836
0&
0#
#19839
b101 !
b1001 "
1&
1#
#19842
0&
0#
#19845
b1111111111111110 !
b1111111111100010 "
1&
1#
#19848
0&
0#
#19851
b1111111111110010 !
b1111111111010011 "
1&
1#
#19854
0&
0#
#19857
b1110 !
b1111111110111001 "
1&
1#
#19860
0&
0#
#19863
b1111111111111011 !
b1111111110101101 "
1&
1#
#19866
0&
0#
#19869
b1111111111010111 !
b1111111110110001 "
1&
1#
#19872
0&
0#
#19875
b10001 !
b1111111110101100 "
1&
1#
#19878
0&
0#
#19881
b1101 !
b1111111110110010 "
1&
1#
#19884
0&
0#
#19887
b11001 !
b1111111111011000 "
1&
1#
#19890
0&
0#
#19893
b1111111111101011 !
b1111111111100111 "
1&
1#
#19896
0&
0#
#19899
b1100 !
b10001 "
1&
1#
#19902
0&
0#
#19905
b101100 !
b11110 "
1&
1#
#19908
0&
0#
#19911
b101000 !
b110010 "
1&
1#
#19914
0&
0#
#19917
b0 !
b111100 "
1&
1#
#19920
0&
0#
#19923
b1111111111100100 !
b110110 "
1&
1#
#19926
0&
0#
#19929
b111 !
b110010 "
1&
1#
#19932
0&
0#
#19935
b10010 !
b1110 "
1&
1#
#19938
0&
0#
#19941
b1111111111100110 !
1&
1#
#19944
0&
0#
#19947
b1111111111011010 !
b1000 "
1&
1#
#19950
0&
0#
#19953
b1111111111101110 !
b1111111111101100 "
1&
1#
#19956
0&
0#
#19959
b1111111110110010 !
b1111111111101001 "
1&
1#
#19962
0&
0#
#19965
b1111111110111010 !
b1111111111001110 "
1&
1#
#19968
0&
0#
#19971
b1111111110010110 !
b1111111111111001 "
1&
1#
#19974
0&
0#
#19977
b1111111110101010 !
b1101 "
1&
1#
#19980
0&
0#
#19983
b1111111110001111 !
b1110 "
1&
1#
#19986
0&
0#
#19989
b1111111110011001 !
1&
1#
#19992
0&
0#
#19995
b1111111110010010 !
b11001 "
1&
1#
#19998
0&
0#
#20001
b1111111110010110 !
b110001 "
1&
1#
#20004
0&
0#
#20007
b1111111110100110 !
b110011 "
1&
1#
#20010
0&
0#
#20013
b1111111110100101 !
b111110 "
1&
1#
#20016
0&
0#
#20019
b1111111110110010 !
b101111 "
1&
1#
#20022
0&
0#
#20025
b1111111110100001 !
b11010 "
1&
1#
#20028
0&
0#
#20031
b1111111110011111 !
b10000 "
1&
1#
#20034
0&
0#
#20037
b1111111110011010 !
b1111111111110101 "
1&
1#
#20040
0&
0#
#20043
b1111111110011011 !
b1111111111110100 "
1&
1#
#20046
0&
0#
#20049
b1111111110001110 !
b1111111111011011 "
1&
1#
#20052
0&
0#
#20055
b1111111110101110 !
b1111111111001101 "
1&
1#
#20058
0&
0#
#20061
b1111111110100100 !
b1111111111010101 "
1&
1#
#20064
0&
0#
#20067
b1111111110011110 !
b1111111111110001 "
1&
1#
#20070
0&
0#
#20073
b1111111110100100 !
b1111111111111011 "
1&
1#
#20076
0&
0#
#20079
b1111111110111001 !
b10111 "
1&
1#
#20082
0&
0#
#20085
b1111111111000110 !
b100011 "
1&
1#
#20088
0&
0#
#20091
b1111111111001100 !
b111111 "
1&
1#
#20094
0&
0#
#20097
b1111111111001110 !
b1001001 "
1&
1#
#20100
0&
0#
#20103
b1011 !
b1011101 "
1&
1#
#20106
0&
0#
#20109
b1000101 !
b1101001 "
1&
1#
#20112
0&
0#
#20115
b1001101 !
b1010110 "
1&
1#
#20118
0&
0#
#20121
b1101001 !
b1110000 "
1&
1#
#20124
0&
0#
#20127
b1000110 !
b1101010 "
1&
1#
#20130
0&
0#
#20133
b1100000 !
b1100111 "
1&
1#
#20136
0&
0#
#20139
b110010 !
1&
1#
#20142
0&
0#
#20145
b110100 !
b1011010 "
1&
1#
#20148
0&
0#
#20151
b111010 "
1&
1#
#20154
0&
0#
#20157
b10000 !
b100100 "
1&
1#
#20160
0&
0#
#20163
b1100 !
b100000 "
1&
1#
#20166
0&
0#
#20169
b1111111111110111 !
b1111111111110111 "
1&
1#
#20172
0&
0#
#20175
b1 !
b1111111110101100 "
1&
1#
#20178
0&
0#
#20181
b1011 !
b1111111110000100 "
1&
1#
#20184
0&
0#
#20187
b110 !
b1111111101001010 "
1&
1#
#20190
0&
0#
#20193
b1111111111101011 !
b1111111100101011 "
1&
1#
#20196
0&
0#
#20199
b1111111111101110 !
b1111111100100111 "
1&
1#
#20202
0&
0#
#20205
b11011 !
b1111111100010010 "
1&
1#
#20208
0&
0#
#20211
b101101 !
b1111111100011001 "
1&
1#
#20214
0&
0#
#20217
b1010011 !
b1111111100101110 "
1&
1#
#20220
0&
0#
#20223
b1000101 !
b1111111101000100 "
1&
1#
#20226
0&
0#
#20229
b100110 !
b1111111101011101 "
1&
1#
#20232
0&
0#
#20235
b1011010 !
b1111111101101111 "
1&
1#
#20238
0&
0#
#20241
b1100010 !
b1111111110001100 "
1&
1#
#20244
0&
0#
#20247
b1111101 !
b1111111110010101 "
1&
1#
#20250
0&
0#
#20253
b1000000 !
b1111111111000100 "
1&
1#
#20256
0&
0#
#20259
b100011 !
b1111111111010101 "
1&
1#
#20262
0&
0#
#20265
b11001 !
b1111111111010100 "
1&
1#
#20268
0&
0#
#20271
b101 !
b1111111111101010 "
1&
1#
#20274
0&
0#
#20277
b1111111110110000 !
b1111111111011110 "
1&
1#
#20280
0&
0#
#20283
b1111111110110110 !
b1111111111101111 "
1&
1#
#20286
0&
0#
#20289
b1111111111000000 !
b1111111111101110 "
1&
1#
#20292
0&
0#
#20295
b1111111110111010 !
b1111111111101010 "
1&
1#
#20298
0&
0#
#20301
b1111111111001100 !
b1111111111100100 "
1&
1#
#20304
0&
0#
#20307
b1111111111000011 !
b1111111111101000 "
1&
1#
#20310
0&
0#
#20313
b11011 !
b1111111111110101 "
1&
1#
#20316
0&
0#
#20319
b10101 !
b1111111111100110 "
1&
1#
#20322
0&
0#
#20325
b1010001 !
b1111111111110111 "
1&
1#
#20328
0&
0#
#20331
b1011001 !
b11 "
1&
1#
#20334
0&
0#
#20337
b1100001 !
b1111111111011110 "
1&
1#
#20340
0&
0#
#20343
b1011100 !
b1111111111111010 "
1&
1#
#20346
0&
0#
#20349
b1001001 !
b1111111111011001 "
1&
1#
#20352
0&
0#
#20355
b1100010 !
b1111111111101111 "
1&
1#
#20358
0&
0#
#20361
b1011110 !
b1111111111101000 "
1&
1#
#20364
0&
0#
#20367
b1010001 !
b1111111111100010 "
1&
1#
#20370
0&
0#
#20373
b1100010 !
b1111111111100101 "
1&
1#
#20376
0&
0#
#20379
1&
1#
#20382
0&
0#
#20385
b1010011 !
b1111111111111100 "
1&
1#
#20388
0&
0#
#20391
b1001111 !
1&
1#
#20394
0&
0#
#20397
b10011 !
b11011 "
1&
1#
#20400
0&
0#
#20403
b1111111111111010 !
b100010 "
1&
1#
#20406
0&
0#
#20409
b1111111111011101 !
b100100 "
1&
1#
#20412
0&
0#
#20415
b1111111110111111 !
b110100 "
1&
1#
#20418
0&
0#
#20421
b1111111110100000 !
b1011100 "
1&
1#
#20424
0&
0#
#20427
b1111111110011110 !
1&
1#
#20430
0&
0#
#20433
b1111111110011010 !
b1111001 "
1&
1#
#20436
0&
0#
#20439
b1111111101111010 !
b1110110 "
1&
1#
#20442
0&
0#
#20445
b1111111110100111 !
b1111010 "
1&
1#
#20448
0&
0#
#20451
b1111111110111110 !
1&
1#
#20454
0&
0#
#20457
b1111111110110011 !
b1111101 "
1&
1#
#20460
0&
0#
#20463
b1111111111000000 !
b1111000 "
1&
1#
#20466
0&
0#
#20469
b1000 !
b1101101 "
1&
1#
#20472
0&
0#
#20475
b110 !
b1111000 "
1&
1#
#20478
0&
0#
#20481
b1111 !
b1011101 "
1&
1#
#20484
0&
0#
#20487
b1111111111111001 !
b1101010 "
1&
1#
#20490
0&
0#
#20493
b1111111111101111 !
b1101011 "
1&
1#
#20496
0&
0#
#20499
b1111111111110000 !
1&
1#
#20502
0&
0#
#20505
b1111111111100101 !
b1111011 "
1&
1#
#20508
0&
0#
#20511
b1111111111010011 !
b1110111 "
1&
1#
#20514
0&
0#
#20517
b1111111111001111 !
b1100111 "
1&
1#
#20520
0&
0#
#20523
b1111111111010111 !
b1101000 "
1&
1#
#20526
0&
0#
#20529
b1111111111010001 !
b1100010 "
1&
1#
#20532
0&
0#
#20535
b1111111111011001 !
b1010011 "
1&
1#
#20538
0&
0#
#20541
b1111111111111100 !
b1000110 "
1&
1#
#20544
0&
0#
#20547
b1111111111110110 !
b110001 "
1&
1#
#20550
0&
0#
#20553
b1111111111111100 !
b10000 "
1&
1#
#20556
0&
0#
#20559
b1111111111101001 !
b1111111111111101 "
1&
1#
#20562
0&
0#
#20565
b1111111111111010 !
b1111111111100100 "
1&
1#
#20568
0&
0#
#20571
b1111111111101101 !
b1111111111000000 "
1&
1#
#20574
0&
0#
#20577
b1111111111111010 !
b1111111110110010 "
1&
1#
#20580
0&
0#
#20583
b1111111111111000 !
b1111111110000010 "
1&
1#
#20586
0&
0#
#20589
b1111111111110111 !
b1111111110100111 "
1&
1#
#20592
0&
0#
#20595
b1111111111010100 !
b1111111110011010 "
1&
1#
#20598
0&
0#
#20601
b1111111111010101 !
b1111111111000000 "
1&
1#
#20604
0&
0#
#20607
b1111111111100010 !
b1111111111000101 "
1&
1#
#20610
0&
0#
#20613
b1111111111011100 !
b1111111111001110 "
1&
1#
#20616
0&
0#
#20619
b1111111110100100 !
b1111111111100101 "
1&
1#
#20622
0&
0#
#20625
b1111111110000000 !
1&
1#
#20628
0&
0#
#20631
b1111111110111010 !
b1111 "
1&
1#
#20634
0&
0#
#20637
b1111111111001010 !
b1111111111111110 "
1&
1#
#20640
0&
0#
#20643
b1111111110101111 !
b1111111111111101 "
1&
1#
#20646
0&
0#
#20649
b1111111110000110 !
b1111111111101111 "
1&
1#
#20652
0&
0#
#20655
b1111111111001101 !
b1111111111100001 "
1&
1#
#20658
0&
0#
#20661
b1111111111100101 !
b1111111111100100 "
1&
1#
#20664
0&
0#
#20667
b1111111111100011 !
b1111111111010100 "
1&
1#
#20670
0&
0#
#20673
b1111111111011011 !
b1111111111001010 "
1&
1#
#20676
0&
0#
#20679
b1111111111110000 !
b1111111110011011 "
1&
1#
#20682
0&
0#
#20685
b1111111111011100 !
b1111111110010001 "
1&
1#
#20688
0&
0#
#20691
b1111111111010010 !
b1111111110100100 "
1&
1#
#20694
0&
0#
#20697
b1111111111101101 !
b1111111110001111 "
1&
1#
#20700
0&
0#
#20703
b1111111111110101 !
b1111111110110011 "
1&
1#
#20706
0&
0#
#20709
b1111111111010101 !
b1111111110001111 "
1&
1#
#20712
0&
0#
#20715
b1111111111010110 !
b1111111110101110 "
1&
1#
#20718
0&
0#
#20721
b1111111111011111 !
b1111111111000111 "
1&
1#
#20724
0&
0#
#20727
b1111111111011000 !
b1111111111111000 "
1&
1#
#20730
0&
0#
#20733
b1111111111001000 !
b10101 "
1&
1#
#20736
0&
0#
#20739
b1111111111010000 !
b110000 "
1&
1#
#20742
0&
0#
#20745
b1111111111111110 !
b101111 "
1&
1#
#20748
0&
0#
#20751
b1010 !
b110010 "
1&
1#
#20754
0&
0#
#20757
b11001 !
b1000110 "
1&
1#
#20760
0&
0#
#20763
b10111 !
b10110 "
1&
1#
#20766
0&
0#
#20769
b1011 !
b10101 "
1&
1#
#20772
0&
0#
#20775
b101001 !
b1111111111010100 "
1&
1#
#20778
0&
0#
#20781
b10100 !
b1111111111010101 "
1&
1#
#20784
0&
0#
#20787
b1111111111101110 !
b1111111110011010 "
1&
1#
#20790
0&
0#
#20793
b1111111111111011 !
b1111111110001100 "
1&
1#
#20796
0&
0#
#20799
b0 !
b1111111110000011 "
1&
1#
#20802
0&
0#
#20805
b1111111111110111 !
b1111111101110111 "
1&
1#
#20808
0&
0#
#20811
b1111111111101001 !
b1111111110010101 "
1&
1#
#20814
0&
0#
#20817
b1111111111100110 !
b1111111110000010 "
1&
1#
#20820
0&
0#
#20823
b1111111111111011 !
b1111111110010100 "
1&
1#
#20826
0&
0#
#20829
b1111111111110010 !
b1111111110001110 "
1&
1#
#20832
0&
0#
#20835
b10010 !
b1111111110010010 "
1&
1#
#20838
0&
0#
#20841
b1111111111110010 !
b1111111110101001 "
1&
1#
#20844
0&
0#
#20847
b1111111111101110 !
b1111111110110110 "
1&
1#
#20850
0&
0#
#20853
b1111111111111011 !
b1111111111001100 "
1&
1#
#20856
0&
0#
#20859
b1110 !
b1111111111101111 "
1&
1#
#20862
0&
0#
#20865
b100000 !
b1001 "
1&
1#
#20868
0&
0#
#20871
b10111 !
b110011 "
1&
1#
#20874
0&
0#
#20877
b11001 !
b1010110 "
1&
1#
#20880
0&
0#
#20883
b10111 !
b1101001 "
1&
1#
#20886
0&
0#
#20889
b10000 !
1&
1#
#20892
0&
0#
#20895
b1111 !
b1101111 "
1&
1#
#20898
0&
0#
#20901
b110 !
b1111111 "
1&
1#
#20904
0&
0#
#20907
b10100 !
b1001010 "
1&
1#
#20910
0&
0#
#20913
b11110 !
b1000111 "
1&
1#
#20916
0&
0#
#20919
b1101 !
b110000 "
1&
1#
#20922
0&
0#
#20925
b1001 !
b1111 "
1&
1#
#20928
0&
0#
#20931
b101110 !
b10 "
1&
1#
#20934
0&
0#
#20937
b100111 !
b111 "
1&
1#
#20940
0&
0#
#20943
b11100 !
b1111111111100010 "
1&
1#
#20946
0&
0#
#20949
b100010 !
b1111111111101110 "
1&
1#
#20952
0&
0#
#20955
b111110 !
b1110 "
1&
1#
#20958
0&
0#
#20961
b1010011 !
b10000 "
1&
1#
#20964
0&
0#
#20967
b1011111 !
b101000 "
1&
1#
#20970
0&
0#
#20973
b101001 "
1&
1#
#20976
0&
0#
#20979
b1010011 !
b101000 "
1&
1#
#20982
0&
0#
#20985
b1010001 !
1&
1#
#20988
0&
0#
#20991
b1100101 !
b101110 "
1&
1#
#20994
0&
0#
#20997
b111101 !
b100101 "
1&
1#
#21000
0&
0#
#21003
b110110 !
b1110 "
1&
1#
#21006
0&
0#
#21009
b110111 !
b10010 "
1&
1#
#21012
0&
0#
#21015
b10001 !
b1111111111110100 "
1&
1#
#21018
0&
0#
#21021
b11 !
b1010 "
1&
1#
#21024
0&
0#
#21027
b1111111111111000 !
b10 "
1&
1#
#21030
0&
0#
#21033
b1111111111001010 !
b1110 "
1&
1#
#21036
0&
0#
#21039
b1111111111101010 !
b110 "
1&
1#
#21042
0&
0#
#21045
b1111111111100110 !
b1101 "
1&
1#
#21048
0&
0#
#21051
b111 !
b1110 "
1&
1#
#21054
0&
0#
#21057
b1100 !
b101100 "
1&
1#
#21060
0&
0#
#21063
b10011 !
b1000011 "
1&
1#
#21066
0&
0#
#21069
b100010 !
b1000001 "
1&
1#
#21072
0&
0#
#21075
b101011 !
1&
1#
#21078
0&
0#
#21081
b111010 !
b1010000 "
1&
1#
#21084
0&
0#
#21087
b1010111 !
b1101100 "
1&
1#
#21090
0&
0#
#21093
b1110010 !
b1100101 "
1&
1#
#21096
0&
0#
#21099
b1111100 !
b1101011 "
1&
1#
#21102
0&
0#
#21105
b10100001 !
b1001110 "
1&
1#
#21108
0&
0#
#21111
b10010100 !
b111010 "
1&
1#
#21114
0&
0#
#21117
b10001000 !
b110000 "
1&
1#
#21120
0&
0#
#21123
b10001100 !
b1001011 "
1&
1#
#21126
0&
0#
#21129
b1111000 !
b101101 "
1&
1#
#21132
0&
0#
#21135
b1000000 !
b1 "
1&
1#
#21138
0&
0#
#21141
b110001 !
b111 "
1&
1#
#21144
0&
0#
#21147
b11100 !
b100001 "
1&
1#
#21150
0&
0#
#21153
b1111111111110101 !
b100101 "
1&
1#
#21156
0&
0#
#21159
b11110 "
1&
1#
#21162
0&
0#
#21165
b111 !
b100001 "
1&
1#
#21168
0&
0#
#21171
b1111111111111110 !
b100100 "
1&
1#
#21174
0&
0#
#21177
b1111111111110110 !
b100011 "
1&
1#
#21180
0&
0#
#21183
b1111111111111110 !
b101010 "
1&
1#
#21186
0&
0#
#21189
b1111111111101111 !
b101001 "
1&
1#
#21192
0&
0#
#21195
b1111111111011011 !
b100010 "
1&
1#
#21198
0&
0#
#21201
b1111111111000100 !
b11010 "
1&
1#
#21204
0&
0#
#21207
b1111111110100100 !
b11 "
1&
1#
#21210
0&
0#
#21213
b1111111110110001 !
b1111111111110111 "
1&
1#
#21216
0&
0#
#21219
b1111111111001110 !
b1111111111100101 "
1&
1#
#21222
0&
0#
#21225
b1111111110000111 !
b1111111111100010 "
1&
1#
#21228
0&
0#
#21231
b1111111110010011 !
b1111111111100110 "
1&
1#
#21234
0&
0#
#21237
b1111111111001101 !
b1111111111011011 "
1&
1#
#21240
0&
0#
#21243
b100101 !
b1111111111110100 "
1&
1#
#21246
0&
0#
#21249
b11 !
b1111111111110110 "
1&
1#
#21252
0&
0#
#21255
b1111111111101100 !
1&
1#
#21258
0&
0#
#21261
b1111 !
b1010 "
1&
1#
#21264
0&
0#
#21267
b111010 !
b1000 "
1&
1#
#21270
0&
0#
#21273
b1111111111111101 !
b111 "
1&
1#
#21276
0&
0#
#21279
b1111111111101111 !
b10011 "
1&
1#
#21282
0&
0#
#21285
b1111111111100111 !
b101 "
1&
1#
#21288
0&
0#
#21291
b1111111111010110 !
b111 "
1&
1#
#21294
0&
0#
#21297
b1111111111011101 !
b1111111111110001 "
1&
1#
#21300
0&
0#
#21303
b1111111111100000 !
b1111111111111100 "
1&
1#
#21306
0&
0#
#21309
b1111111111100101 !
b1111111111101011 "
1&
1#
#21312
0&
0#
#21315
b1000 !
b1111111111110000 "
1&
1#
#21318
0&
0#
#21321
b100000 !
b1111111111110110 "
1&
1#
#21324
0&
0#
#21327
b110111 !
b1111111111011001 "
1&
1#
#21330
0&
0#
#21333
b101001 !
b1111111111011110 "
1&
1#
#21336
0&
0#
#21339
b1000111 !
b1111111111010100 "
1&
1#
#21342
0&
0#
#21345
b101101 !
b1111111111011100 "
1&
1#
#21348
0&
0#
#21351
b1111111111111100 !
b1111111111100101 "
1&
1#
#21354
0&
0#
#21357
b1111111111101111 !
b1111111111100010 "
1&
1#
#21360
0&
0#
#21363
b1111111111101010 !
b1111111111100111 "
1&
1#
#21366
0&
0#
#21369
b1111111111000000 !
b1111111111011001 "
1&
1#
#21372
0&
0#
#21375
b1111111110101101 !
b1111111111011111 "
1&
1#
#21378
0&
0#
#21381
b1111111111001010 !
b1111111111011110 "
1&
1#
#21384
0&
0#
#21387
b1111111111000001 !
b1111111111011100 "
1&
1#
#21390
0&
0#
#21393
b1111111111010101 !
b1111111111001000 "
1&
1#
#21396
0&
0#
#21399
b1111111111011110 !
b1111111111001010 "
1&
1#
#21402
0&
0#
#21405
b1111111111110001 !
b1111111110110111 "
1&
1#
#21408
0&
0#
#21411
b1111111111111001 !
b1111111110110100 "
1&
1#
#21414
0&
0#
#21417
b11 !
b1111111110101111 "
1&
1#
#21420
0&
0#
#21423
b1111 !
b1111111110011111 "
1&
1#
#21426
0&
0#
#21429
b10010 !
b1111111110001111 "
1&
1#
#21432
0&
0#
#21435
b1111111111101111 !
b1111111110001101 "
1&
1#
#21438
0&
0#
#21441
b1111111111111010 !
b1111111110001100 "
1&
1#
#21444
0&
0#
#21447
b1111111111011101 !
b1111111110010101 "
1&
1#
#21450
0&
0#
#21453
b1111111111000001 !
b1111111110011110 "
1&
1#
#21456
0&
0#
#21459
b1111111110110101 !
b1111111110110110 "
1&
1#
#21462
0&
0#
#21465
b1111111110100110 !
b1111111110110100 "
1&
1#
#21468
0&
0#
#21471
b1111111110100001 !
b1111111111010010 "
1&
1#
#21474
0&
0#
#21477
b1111111110100100 !
b1111111111101001 "
1&
1#
#21480
0&
0#
#21483
b1111111110100110 !
b1111111111110100 "
1&
1#
#21486
0&
0#
#21489
b1111111110110011 !
b10 "
1&
1#
#21492
0&
0#
#21495
b1111111110111110 !
b10100 "
1&
1#
#21498
0&
0#
#21501
b1111111110110011 !
b1111111111111011 "
1&
1#
#21504
0&
0#
#21507
b1111111110011111 !
b10010 "
1&
1#
#21510
0&
0#
#21513
b1111111110110011 !
b1111111111110011 "
1&
1#
#21516
0&
0#
#21519
b1111111111010000 !
b1111111111011101 "
1&
1#
#21522
0&
0#
#21525
b1111111110110110 !
b1111111111001101 "
1&
1#
#21528
0&
0#
#21531
b1111111110110000 !
b1111111110111010 "
1&
1#
#21534
0&
0#
#21537
b1111111111001001 !
b1111111110101101 "
1&
1#
#21540
0&
0#
#21543
b1111111110010001 "
1&
1#
#21546
0&
0#
#21549
b1111111111000011 !
b1111111110000011 "
1&
1#
#21552
0&
0#
#21555
b1111111111011101 !
b1111111101100110 "
1&
1#
#21558
0&
0#
#21561
b1111111111011000 !
b1111111101100001 "
1&
1#
#21564
0&
0#
#21567
b1111111111010100 !
b1111111101001111 "
1&
1#
#21570
0&
0#
#21573
b1111111111100101 !
b1111111101011000 "
1&
1#
#21576
0&
0#
#21579
b1111111111010011 !
b1111111101011011 "
1&
1#
#21582
0&
0#
#21585
b1111111111101010 !
b1111111101101010 "
1&
1#
#21588
0&
0#
#21591
b101111 !
b1111111110000010 "
1&
1#
#21594
0&
0#
#21597
b101100 !
b1111111110011111 "
1&
1#
#21600
0&
0#
#21603
b110100 !
b1111111110110011 "
1&
1#
#21606
0&
0#
#21609
b10101 !
b1111111111010100 "
1&
1#
#21612
0&
0#
#21615
b111011 !
b1111111111110001 "
1&
1#
#21618
0&
0#
#21621
b10000 !
b1111111111110010 "
1&
1#
#21624
0&
0#
#21627
b0 !
b1111111111111101 "
1&
1#
#21630
0&
0#
#21633
b1111111111010000 !
b1011 "
1&
1#
#21636
0&
0#
#21639
b1111111111010110 !
b110 "
1&
1#
#21642
0&
0#
#21645
b1111111111001111 !
b10000 "
1&
1#
#21648
0&
0#
#21651
b1111111111000111 !
b11111 "
1&
1#
#21654
0&
0#
#21657
b1111111111000001 !
b100001 "
1&
1#
#21660
0&
0#
#21663
b1111111111010011 !
b111110 "
1&
1#
#21666
0&
0#
#21669
b1111111111011011 !
b1011100 "
1&
1#
#21672
0&
0#
#21675
b1111111111100110 !
b1010000 "
1&
1#
#21678
0&
0#
#21681
b1111111111100000 !
b111100 "
1&
1#
#21684
0&
0#
#21687
b1111111111010101 !
b1010101 "
1&
1#
#21690
0&
0#
#21693
b1111111111101011 !
b110101 "
1&
1#
#21696
0&
0#
#21699
b11100 !
b110110 "
1&
1#
#21702
0&
0#
#21705
b11 !
b11001 "
1&
1#
#21708
0&
0#
#21711
b1111111111111111 !
b1111111111111000 "
1&
1#
#21714
0&
0#
#21717
b1111111111100101 !
b1111111111010111 "
1&
1#
#21720
0&
0#
#21723
b1001 !
b1111111111100100 "
1&
1#
#21726
0&
0#
#21729
b10000 !
b1111111111110110 "
1&
1#
#21732
0&
0#
#21735
b1111111111011001 !
b1111111111111011 "
1&
1#
#21738
0&
0#
#21741
b1111111111001110 !
b1111111111111000 "
1&
1#
#21744
0&
0#
#21747
b1111111111100110 !
b1010 "
1&
1#
#21750
0&
0#
#21753
b1111111111110111 !
b11100 "
1&
1#
#21756
0&
0#
#21759
b11011 !
b11011 "
1&
1#
#21762
0&
0#
#21765
b111100 !
1&
1#
#21768
0&
0#
#21771
b110100 !
b1000 "
1&
1#
#21774
0&
0#
#21777
b1100101 !
b1111111111100010 "
1&
1#
#21780
0&
0#
#21783
b1110010 !
b1111111111100110 "
1&
1#
#21786
0&
0#
#21789
b1001101 !
b1111111111001110 "
1&
1#
#21792
0&
0#
#21795
b10000 !
b1111111111001111 "
1&
1#
#21798
0&
0#
#21801
b1010101 !
b1111111111000001 "
1&
1#
#21804
0&
0#
#21807
b1001110 !
b1111111111100011 "
1&
1#
#21810
0&
0#
#21813
b1100 !
b1111111111110010 "
1&
1#
#21816
0&
0#
#21819
b1111111111100101 !
b1111 "
1&
1#
#21822
0&
0#
#21825
b1111111111101111 !
b101010 "
1&
1#
#21828
0&
0#
#21831
b1111111111110110 !
b110101 "
1&
1#
#21834
0&
0#
#21837
b1111111111101110 !
b1000100 "
1&
1#
#21840
0&
0#
#21843
b1111111111000001 !
b111101 "
1&
1#
#21846
0&
0#
#21849
b1111111111110011 !
b1001001 "
1&
1#
#21852
0&
0#
#21855
b1111111111011100 !
b100111 "
1&
1#
#21858
0&
0#
#21861
b10111 "
1&
1#
#21864
0&
0#
#21867
b1111111111111111 !
b1001 "
1&
1#
#21870
0&
0#
#21873
b1100 !
b1111111111110010 "
1&
1#
#21876
0&
0#
#21879
b10110 !
b1111111111110001 "
1&
1#
#21882
0&
0#
#21885
b10001 !
b1111111111110110 "
1&
1#
#21888
0&
0#
#21891
b10010 !
b1111111111110111 "
1&
1#
#21894
0&
0#
#21897
b101000 !
b1110 "
1&
1#
#21900
0&
0#
#21903
b10 !
b11001 "
1&
1#
#21906
0&
0#
#21909
b1111111111111000 !
b111101 "
1&
1#
#21912
0&
0#
#21915
b1111111111110011 !
b1001000 "
1&
1#
#21918
0&
0#
#21921
b1111111111100100 !
b1011010 "
1&
1#
#21924
0&
0#
#21927
b1111111110110101 !
b1100111 "
1&
1#
#21930
0&
0#
#21933
b1111111111011010 !
1&
1#
#21936
0&
0#
#21939
b1111111111001010 !
b1101011 "
1&
1#
#21942
0&
0#
#21945
b1111111111010010 !
b1101101 "
1&
1#
#21948
0&
0#
#21951
b1111111111001000 !
b1100001 "
1&
1#
#21954
0&
0#
#21957
b1111111110111100 !
b1010000 "
1&
1#
#21960
0&
0#
#21963
b1111111110111101 !
b1010001 "
1&
1#
#21966
0&
0#
#21969
b1111111111011011 !
b1010010 "
1&
1#
#21972
0&
0#
#21975
b1111111111010110 !
b1001011 "
1&
1#
#21978
0&
0#
#21981
b1111111111000111 !
b1001110 "
1&
1#
#21984
0&
0#
#21987
b1111111111100101 !
b1001100 "
1&
1#
#21990
0&
0#
#21993
b1111111111011110 !
b110110 "
1&
1#
#21996
0&
0#
#21999
b100001 !
b111010 "
1&
1#
#22002
0&
0#
#22005
b111011 !
b1001011 "
1&
1#
#22008
0&
0#
#22011
b1010011 !
b111010 "
1&
1#
#22014
0&
0#
#22017
b1011001 !
b101000 "
1&
1#
#22020
0&
0#
#22023
b1101011 !
b100111 "
1&
1#
#22026
0&
0#
#22029
b1111110 !
b11111 "
1&
1#
#22032
0&
0#
#22035
b1110110 !
b101 "
1&
1#
#22038
0&
0#
#22041
b1110111 !
b10011 "
1&
1#
#22044
0&
0#
#22047
b10010011 !
b1111111111111010 "
1&
1#
#22050
0&
0#
#22053
b1111001 !
b1111111111011011 "
1&
1#
#22056
0&
0#
#22059
b1011000 !
b1111111111100100 "
1&
1#
#22062
0&
0#
#22065
b1001011 !
b1111111110111010 "
1&
1#
#22068
0&
0#
#22071
b1101 !
b1111111111100101 "
1&
1#
#22074
0&
0#
#22077
b1001101 !
b1111111111011101 "
1&
1#
#22080
0&
0#
#22083
b10111 !
b1111111111111110 "
1&
1#
#22086
0&
0#
#22089
b10100 !
b1111111111111100 "
1&
1#
#22092
0&
0#
#22095
b100010 !
b100110 "
1&
1#
#22098
0&
0#
#22101
b111011 !
b101010 "
1&
1#
#22104
0&
0#
#22107
b110011 !
b110101 "
1&
1#
#22110
0&
0#
#22113
b10 !
b1000101 "
1&
1#
#22116
0&
0#
#22119
b100 !
b110101 "
1&
1#
#22122
0&
0#
#22125
b1111111111110000 !
b110010 "
1&
1#
#22128
0&
0#
#22131
b1111111111100000 !
b101100 "
1&
1#
#22134
0&
0#
#22137
b1111111111110010 !
b10111 "
1&
1#
#22140
0&
0#
#22143
b1111111111100111 !
b1100 "
1&
1#
#22146
0&
0#
#22149
b1001 !
b1000 "
1&
1#
#22152
0&
0#
#22155
b110011 !
1&
1#
#22158
0&
0#
#22161
b11011 !
b1111111111101111 "
1&
1#
#22164
0&
0#
#22167
b10110 !
b1111111111111100 "
1&
1#
#22170
0&
0#
#22173
b1111 !
b1111111111101001 "
1&
1#
#22176
0&
0#
#22179
b1111111111111001 !
b1100 "
1&
1#
#22182
0&
0#
#22185
b1111111111010010 !
b1000 "
1&
1#
#22188
0&
0#
#22191
b1111111110101111 !
b110 "
1&
1#
#22194
0&
0#
#22197
b1111111110100001 !
b1100 "
1&
1#
#22200
0&
0#
#22203
b1111111110010001 !
b1111111111111000 "
1&
1#
#22206
0&
0#
#22209
b1111111101101011 !
b110 "
1&
1#
#22212
0&
0#
#22215
b1111111101100111 !
b1111111111110101 "
1&
1#
#22218
0&
0#
#22221
b1111111110001010 !
b1111111111010110 "
1&
1#
#22224
0&
0#
#22227
b1111111111011001 !
b1111111110111010 "
1&
1#
#22230
0&
0#
#22233
b1111111110110011 !
b1111111110110001 "
1&
1#
#22236
0&
0#
#22239
b1111111110011100 !
b1111111110001101 "
1&
1#
#22242
0&
0#
#22245
b1111111101110010 !
b1111111110011000 "
1&
1#
#22248
0&
0#
#22251
b1111111111111000 !
b1111111110011100 "
1&
1#
#22254
0&
0#
#22257
b100100 !
b1111111110110001 "
1&
1#
#22260
0&
0#
#22263
b1111111111111101 !
b1111111110110110 "
1&
1#
#22266
0&
0#
#22269
b1111111111110010 !
b1111111111011000 "
1&
1#
#22272
0&
0#
#22275
b1100001 !
b1111111111011101 "
1&
1#
#22278
0&
0#
#22281
b1111001 !
b1111111111110010 "
1&
1#
#22284
0&
0#
#22287
b1111100 !
b10011 "
1&
1#
#22290
0&
0#
#22293
b10010110 !
b11011 "
1&
1#
#22296
0&
0#
#22299
b1101110 !
b11001 "
1&
1#
#22302
0&
0#
#22305
b1000010 !
b11110 "
1&
1#
#22308
0&
0#
#22311
b10011 !
b1111111111111111 "
1&
1#
#22314
0&
0#
#22317
b1000110 !
b10000 "
1&
1#
#22320
0&
0#
#22323
b10011 !
b1011 "
1&
1#
#22326
0&
0#
#22329
b1110 !
b1111111111111000 "
1&
1#
#22332
0&
0#
#22335
b111101 !
b1111111111101110 "
1&
1#
#22338
0&
0#
#22341
b101001 !
b1111111111010011 "
1&
1#
#22344
0&
0#
#22347
b1001001 !
b1111111111011111 "
1&
1#
#22350
0&
0#
#22353
b1011011 !
b1111111111101000 "
1&
1#
#22356
0&
0#
#22359
b1011100 !
b1111111111100011 "
1&
1#
#22362
0&
0#
#22365
b110010 !
b1111111111110111 "
1&
1#
#22368
0&
0#
#22371
b101010 !
b1111111111111101 "
1&
1#
#22374
0&
0#
#22377
b1010101 !
b10110 "
1&
1#
#22380
0&
0#
#22383
b1010000 !
b100000 "
1&
1#
#22386
0&
0#
#22389
b1101 !
b1000010 "
1&
1#
#22392
0&
0#
#22395
b1111111111101011 !
b110010 "
1&
1#
#22398
0&
0#
#22401
b1111111111101101 !
b1001001 "
1&
1#
#22404
0&
0#
#22407
b1111111111101100 !
b111000 "
1&
1#
#22410
0&
0#
#22413
b1111111111111010 !
b110001 "
1&
1#
#22416
0&
0#
#22419
b1111111111011001 !
b1000010 "
1&
1#
#22422
0&
0#
#22425
b1111111111000100 !
b111001 "
1&
1#
#22428
0&
0#
#22431
b1111111110110100 !
b101110 "
1&
1#
#22434
0&
0#
#22437
b1111111110111101 !
b100001 "
1&
1#
#22440
0&
0#
#22443
b1111111111000011 !
b10100 "
1&
1#
#22446
0&
0#
#22449
b1111111110100101 !
b1111111111110100 "
1&
1#
#22452
0&
0#
#22455
b1111111110011011 !
b11 "
1&
1#
#22458
0&
0#
#22461
b1111111111000100 !
b1111111111001011 "
1&
1#
#22464
0&
0#
#22467
b1111111111001010 !
b1111111110110100 "
1&
1#
#22470
0&
0#
#22473
b1111111111001001 !
b1111111110010110 "
1&
1#
#22476
0&
0#
#22479
b1111111111011010 !
b1111111101111011 "
1&
1#
#22482
0&
0#
#22485
b1111111111010000 !
b1111111101111000 "
1&
1#
#22488
0&
0#
#22491
b1111111111001100 !
b1111111101110000 "
1&
1#
#22494
0&
0#
#22497
b1111111111000010 !
b1111111101101100 "
1&
1#
#22500
0&
0#
#22503
b1111111110110010 !
b1111111101101000 "
1&
1#
#22506
0&
0#
#22509
b1111111110111010 !
b1111111101110000 "
1&
1#
#22512
0&
0#
#22515
b1111111111001010 !
b1111111101111011 "
1&
1#
#22518
0&
0#
#22521
b1111111111010001 !
b1111111110010101 "
1&
1#
#22524
0&
0#
#22527
b1111111111000000 !
b1111111110011101 "
1&
1#
#22530
0&
0#
#22533
b1111111111010001 !
b1111111111001111 "
1&
1#
#22536
0&
0#
#22539
b1111111111011100 !
b1111111110110001 "
1&
1#
#22542
0&
0#
#22545
b1111111111101111 !
b1111111111010101 "
1&
1#
#22548
0&
0#
#22551
b1111111111100110 !
b1111111111001010 "
1&
1#
#22554
0&
0#
#22557
b111 !
b1111111111001111 "
1&
1#
#22560
0#
#22563
b1111111111011111 "
1#
#22566
0#
0%
0&
#22569
b1111111111010001 "
1#
#22572
0#
#22575
b1111111111100110 "
1#
#22578
0#
#22581
b1111111111100011 "
1#
#22584
0#
#22587
b0 "
1#
#22590
0#
#22593
b1111111111111011 "
1#
#22596
0#
#22599
b1111111111110110 "
1#
#22602
0#
#22605
b0 "
1#
#22608
0#
#22611
b1111111111011110 "
1#
#22614
0#
#22617
b1111111111100010 "
1#
#22620
0#
#22623
b1111111111101111 "
1#
#22626
0#
#22629
b1111111111101010 "
1#
#22632
0#
#22635
b1001 "
1#
#22638
0#
#22641
b100100 "
1#
#22644
0#
#22647
b1001110 "
1#
#22650
0#
#22653
b1101100 "
1#
#22656
0#
#22659
b10000010 "
1#
#22662
0#
#22665
b10000011 "
1#
#22668
0#
#22671
b10010011 "
1#
#22674
0#
#22677
b10100011 "
1#
#22680
0#
#22683
b10011101 "
1#
#22686
0#
#22689
b1100010 "
1#
#22692
0#
#22695
b1001010 "
1#
#22698
0#
#22701
b11101 "
1#
#22704
0#
#22707
b110100 "
1#
#22710
0#
#22713
b11000 "
1#
#22716
0#
#22719
b1000 "
1#
#22722
0#
#22725
b1111111110111110 "
1#
#22728
0#
#22731
b1111111110001111 "
1#
#22734
0#
#22737
b1111111110011001 "
1#
#22740
0#
#22743
b1111111110100101 "
1#
#22746
0#
#22749
b1111111110000111 "
1#
#22752
0#
#22755
b1111111101100011 "
1#
#22758
0#
#22761
b1111111110000100 "
1#
#22764
0#
#22767
b1111111110001100 "
1#
#22770
0#
#22773
b1111111111000100 "
1#
#22776
0#
#22779
b1111111111001011 "
1#
#22782
0#
#22785
b1111111111001101 "
1#
#22788
0#
#22791
b1111111110111110 "
1#
#22794
0#
#22797
b1111111110110111 "
1#
#22800
0#
#22803
b1111111111011000 "
1#
#22806
0#
#22809
b1111111110100001 "
1#
#22812
0#
#22815
b1111111110100111 "
1#
#22818
0#
#22821
b1111111110010010 "
1#
#22824
0#
#22827
b1111111110010011 "
1#
#22830
0#
#22833
b1111111110110110 "
1#
#22836
0#
#22839
b1111111111000101 "
1#
#22842
0#
#22845
b1111111111001001 "
1#
#22848
0#
#22851
b1111111111000101 "
1#
#22854
0#
#22857
b1111111111110011 "
1#
#22860
0#
#22863
b1111 "
1#
#22866
0#
#22869
b101010 "
1#
#22872
0#
#22875
b100100 "
1#
#22878
0#
#22881
b101101 "
1#
#22884
0#
#22887
b110000 "
1#
#22890
0#
#22893
b1001100 "
1#
#22896
0#
#22899
b1011011 "
1#
#22902
0#
#22905
b1010000 "
1#
#22908
0#
#22911
b1001010 "
1#
#22914
0#
#22917
b1000001 "
1#
#22920
0#
#22923
b1000100 "
1#
#22926
0#
#22929
b1010010 "
1#
#22932
0#
#22935
b1000000 "
1#
#22938
0#
#22941
b101001 "
1#
#22944
0#
#22947
b111000 "
1#
#22950
0#
#22953
b111001 "
1#
#22956
0#
#22959
b111010 "
1#
#22962
0#
#22965
b1000110 "
1#
#22968
0#
#22971
b1000010 "
1#
#22974
0#
#22977
b1000011 "
1#
#22980
0#
#22983
b111110 "
1#
#22986
0#
#22989
b110101 "
1#
#22992
0#
#22995
0'
b11111 "
1#
#22998
0#
#23001
b101100 "
1#
#23004
0#
#23007
b1111 "
1#
#23010
0#
#23013
b100 "
1#
#23016
0#
#23019
b1111111111110001 "
1#
#23022
0#
#23025
b1111111111111000 "
1#
#23028
0#
#23031
b1111111111110011 "
1#
#23034
0#
#23037
b1111111111101101 "
1#
#23040
0#
#23043
b1111111111110100 "
1#
#23046
0#
#23049
b1111111111110001 "
1#
#23052
0#
#23055
b1111111111110011 "
1#
#23058
0#
#23061
b1111111111110001 "
1#
#23064
0#
#23067
b1111111111110010 "
1#
#23070
0#
#23073
b1111111111110101 "
1#
#23076
0#
